-- MySQL dump 10.13  Distrib 5.6.24, for Win64 (x86_64)
--
-- Host: 127.0.0.1    Database: document_extraction
-- ------------------------------------------------------
-- Server version	5.6.26-log

/*!40101 SET @OLD_CHARACTER_SET_CLIENT=@@CHARACTER_SET_CLIENT */;
/*!40101 SET @OLD_CHARACTER_SET_RESULTS=@@CHARACTER_SET_RESULTS */;
/*!40101 SET @OLD_COLLATION_CONNECTION=@@COLLATION_CONNECTION */;
/*!40101 SET NAMES utf8 */;
/*!40103 SET @OLD_TIME_ZONE=@@TIME_ZONE */;
/*!40103 SET TIME_ZONE='+00:00' */;
/*!40014 SET @OLD_UNIQUE_CHECKS=@@UNIQUE_CHECKS, UNIQUE_CHECKS=0 */;
/*!40014 SET @OLD_FOREIGN_KEY_CHECKS=@@FOREIGN_KEY_CHECKS, FOREIGN_KEY_CHECKS=0 */;
/*!40101 SET @OLD_SQL_MODE=@@SQL_MODE, SQL_MODE='NO_AUTO_VALUE_ON_ZERO' */;
/*!40111 SET @OLD_SQL_NOTES=@@SQL_NOTES, SQL_NOTES=0 */;

--
-- Table structure for table `candidate_term`
--

DROP TABLE IF EXISTS `candidate_term`;
/*!40101 SET @saved_cs_client     = @@character_set_client */;
/*!40101 SET character_set_client = utf8 */;
CREATE TABLE `candidate_term` (
  `id_term` int(11) NOT NULL AUTO_INCREMENT,
  `stemmed_term` varchar(200) NOT NULL,
  `term` varchar(200) NOT NULL,
  `is_controlled_term` tinyint(4) NOT NULL,
  `idf` double NOT NULL,
  `length_term` int(11) NOT NULL,
  `node_degree` double NOT NULL,
  `pos_tag` varchar(100) DEFAULT NULL,
  PRIMARY KEY (`id_term`),
  UNIQUE KEY `stemmed_term_UNIQUE` (`stemmed_term`),
  UNIQUE KEY `term_UNIQUE` (`term`)
) ENGINE=InnoDB AUTO_INCREMENT=257 DEFAULT CHARSET=utf8;
/*!40101 SET character_set_client = @saved_cs_client */;

--
-- Dumping data for table `candidate_term`
--

LOCK TABLES `candidate_term` WRITE;
/*!40000 ALTER TABLE `candidate_term` DISABLE KEYS */;
INSERT INTO `candidate_term` (`id_term`, `stemmed_term`, `term`, `is_controlled_term`, `idf`, `length_term`, `node_degree`, `pos_tag`) VALUES (1,'address','addressed\naddresses\naddressing',1,0,1,0,NULL),(2,'aggreg','aggregate',1,0,1,0,NULL),(3,'analysi','analysis',1,0,1,0,NULL),(4,'applic','application\napplications',1,0,1,0,NULL),(5,'assembl','assemble',1,0.287682072451781,1,0,NULL),(6,'base','based',1,0,1,0,NULL),(7,'biologi','biology',1,0.287682072451781,1,0,NULL),(8,'ca','ca',1,0,1,0.99,NULL),(9,'categori','category',1,0.287682072451781,1,0,NULL),(10,'cation','cation',1,0,1,0,NULL),(11,'class','classes',1,0,1,0,NULL),(12,'classi','classi',1,0.0953101798043249,1,0,NULL),(13,'collect','collected\ncollection',1,0,1,0,NULL),(14,'comment','comments',1,0,1,0,NULL),(15,'commun','community\ncommunities',1,0,1,0,NULL),(16,'compil','compiled',1,0.287682072451781,1,0,NULL),(17,'compos','composed',1,0.287682072451781,1,0,NULL),(18,'concept','concepts',1,0,1,0.84,NULL),(19,'consist','consistency',1,0,1,0,NULL),(20,'constraint','constraints',1,0,1,0,NULL),(21,'contain','contained',1,0,1,0,NULL),(22,'context','context',1,0.356674943938732,1,0,NULL),(23,'data','data',1,0,1,0,NULL),(24,'data analysi','data analysis',1,0.287682072451781,2,0.69,NULL),(25,'decoupl','decoupling',1,0.287682072451781,1,2.37,NULL),(26,'direct','directed',1,0.451985123743057,1,0,NULL),(27,'domain','domains',1,0,1,0.99,NULL),(28,'dynam','dynamics',1,0.287682072451781,1,0,NULL),(29,'ecosystem','ecosystem',1,0.287682072451781,1,0,NULL),(30,'express','expressible',1,0,1,0,NULL),(31,'form','form',1,0.318453731118535,1,0,NULL),(32,'gener','generality',1,0,1,0,NULL),(33,'group','group\ngroups',1,0.287682072451781,1,0,NULL),(34,'individu','individual\nindividuals',1,0,1,0,NULL),(35,'inform','information',1,0,1,0,NULL),(36,'interact','interaction\ninteractions',1,0,1,0,NULL),(37,'interaction network','interaction networks',1,0.287682072451781,2,0,NULL),(38,'knowledg','knowledge',1,0,1,0,NULL),(39,'measur','measurement\nmeasured',1,0,1,0,NULL),(40,'model','models\nmodeled',1,0,1,0,NULL),(41,'multimedia','multimedia',1,0.287682072451781,1,0,NULL),(42,'name','names\nnamely\nnamed',1,0,1,0,NULL),(43,'nich','niche',1,0.287682072451781,1,0,NULL),(44,'node','node',1,0,1,0.84,NULL),(45,'ontolog','ontologies\nontology',1,0,1,0.99,NULL),(46,'order','order',1,0,1,0,NULL),(47,'other','other',1,0,1,0,NULL),(48,'owl','owl',1,0.356674943938732,1,3.75,NULL),(49,'path','path',1,0.287682072451781,1,0,NULL),(50,'perform','perform',1,0,1,0,NULL),(51,'popul','population',1,0.287682072451781,1,0,NULL),(52,'precis','precise',1,0,1,0,NULL),(53,'process','processes',1,0.0953101798043249,1,0,NULL),(54,'properti','properties',1,0,1,0,NULL),(55,'prototyp','prototypes',1,0.287682072451781,1,0.69,NULL),(56,'queri','queries',1,0.318453731118535,1,0,NULL),(57,'record','records',1,0.356674943938732,1,1.38,NULL),(58,'semant','semantic',1,0,1,3.06,NULL),(59,'semantic web','semantic web',1,0,2,0.84,NULL),(60,'set','set',1,0,1,0,NULL),(61,'share','sharing',1,0.318453731118535,1,0,NULL),(62,'system','systems',1,0.0953101798043249,1,0.69,NULL),(63,'tag','tagged',1,0.287682072451781,1,0.99,NULL),(64,'term','terms\ntermed',1,0,1,0.84,NULL),(65,'uri','uri',1,0.287682072451781,1,0,NULL),(66,'ecolog','ecological\necology',0,0.287682072451781,1,0,NULL),(67,'ecological data','ecological data',0,0.287682072451781,2,0,NULL),(68,'accuraci','accuracy',1,1.09861228866811,1,0,NULL),(69,'adapt','adapting',1,0.916290731874155,1,0,NULL),(70,'advic','advices',1,1.09861228866811,1,0,NULL),(71,'algorithm','algorithms',1,1.01160091167848,1,1.68,NULL),(72,'align','alignment',1,1.09861228866811,1,0,NULL),(73,'approxim','approximately',1,0.916290731874155,1,0,NULL),(74,'argu','argued',1,0.916290731874155,1,0,NULL),(75,'arti','arti',1,1.09861228866811,1,0,NULL),(76,'associative relationship','associative relationships',1,1.09861228866811,2,0,NULL),(77,'autom','automates\nautomated',1,1.09861228866811,1,0,NULL),(78,'backbon','backbone',1,1.09861228866811,1,0,NULL),(79,'biolog','biological',1,1.09861228866811,1,0,NULL),(80,'c','C',1,0.78845736036427,1,0,NULL),(81,'calcul','calculating\ncalculate',1,1.01160091167848,1,0,NULL),(82,'cardin','cardinality',1,1.09861228866811,1,0,NULL),(83,'code','coded',1,1.09861228866811,1,1.68,NULL),(84,'coma','coma',1,1.09861228866811,1,0,NULL),(85,'combin','combined\ncombination\ncombining',1,0.78845736036427,1,0.84,NULL),(86,'comparison','comparisons',1,1.09861228866811,1,0.69,NULL),(87,'complex','complex',1,0.78845736036427,1,0,NULL),(88,'comput','compute',1,0.78845736036427,1,0.84,NULL),(89,'computational linguist','computational linguistics',1,1.09861228866811,2,2.22,NULL),(90,'computer sci','computer science',1,0.916290731874155,2,3.75,NULL),(91,'conceptu','conceptualization',1,1.09861228866811,1,0,NULL),(92,'concern','concerned',1,1.09861228866811,1,0,NULL),(93,'cooperative information system','cooperative information systems',1,1.09861228866811,3,0,NULL),(94,'cyc','cyc',1,1.09861228866811,1,0,NULL),(95,'data engin','data engineering',1,1.09861228866811,2,0,NULL),(96,'data integr','data integration',1,1.01160091167848,2,0,NULL),(97,'databas','databases',1,0.916290731874155,1,5.97,NULL),(98,'decid','deciding',1,0.78845736036427,1,0,NULL),(99,'depend','depends',1,0.78845736036427,1,0,NULL),(100,'distribut','distributed',1,0.916290731874155,1,0,NULL),(101,'document','documents',1,1.09861228866811,1,0,NULL),(102,'domain ontolog','domain ontologies',1,1.09861228866811,2,0,NULL),(103,'emerging semantic web','emerging semantic web',1,1.09861228866811,3,0,NULL),(104,'encod','encoded',1,1.01160091167848,1,0.69,NULL),(105,'engin','engineering',1,1.09861228866811,1,0,NULL),(106,'enhanc','enhance',1,0.916290731874155,1,0,NULL),(107,'error analysi','error analysis',1,1.09861228866811,2,0,NULL),(108,'experi','experiments',1,1.09861228866811,1,0,NULL),(109,'extract','extract',1,1.09861228866811,1,0.69,NULL),(110,'function','function',1,0.78845736036427,1,0.84,NULL),(111,'go','going',1,0.916290731874155,1,0.99,NULL),(112,'heuristic rul','heuristic rules',1,1.09861228866811,2,0,NULL),(113,'hybrid','hybrid',1,1.09861228866811,1,2.52,NULL),(114,'integr','integrated\nintegrating',1,1.09861228866811,1,0,NULL),(115,'interfac','interface',1,1.09861228866811,1,0,NULL),(116,'interoper','interoperability',1,1.09861228866811,1,1.38,NULL),(117,'knowledge engin','knowledge engineering',1,0.916290731874155,2,0,NULL),(118,'knowledge manag','knowledge management',1,1.09861228866811,2,0,NULL),(119,'knowledge represent','knowledge representation',1,1.01160091167848,2,2.62,NULL),(120,'languag','language',1,0.78845736036427,1,2.37,NULL),(121,'language model','language models',1,1.09861228866811,2,0,NULL),(122,'machine learn','machine learning',1,1.09861228866811,2,0,NULL),(123,'map','mapping\nmappings\nmapped',1,1.01160091167848,1,0,NULL),(124,'match','match',1,1.01160091167848,1,0,NULL),(125,'merg','merge\nmerging',1,1.09861228866811,1,0,NULL),(126,'method','method\nmethods',1,0.916290731874155,1,0,NULL),(127,'morpholog','morphology',1,1.09861228866811,1,0,NULL),(128,'natural language process','natural language processing',1,1.09861228866811,3,3.06,NULL),(129,'next','Next',1,0.916290731874155,1,0,NULL),(130,'n-gram','n-gram',1,1.09861228866811,1,0,NULL),(131,'nlp','nlp',1,1.09861228866811,1,3.31,NULL),(132,'nlp techniqu','nlp techniques',1,1.09861228866811,2,0,NULL),(133,'object','object\nobjects',1,1.01160091167848,1,0,NULL),(134,'onlin','online',1,1.09861228866811,1,0.69,NULL),(135,'ontology align','ontology alignment',1,1.09861228866811,2,2.32,NULL),(136,'ontology develop','ontology development',1,1.09861228866811,2,0,NULL),(137,'ontology integr','ontology integration',1,1.09861228866811,2,0,NULL),(138,'ontology interoper','ontology interoperation\nontology interoperability',1,1.09861228866811,2,0,NULL),(139,'ontology learn','ontology learning',1,1.09861228866811,2,0,NULL),(140,'ontology map','ontology mapping',1,1.09861228866811,2,0.94,NULL),(141,'ontology merg','ontology merging',1,1.09861228866811,2,0,NULL),(142,'pass','passes',1,0.916290731874155,1,0,NULL),(143,'phonet','phonetics',1,1.09861228866811,1,0,NULL),(144,'phonolog','phonology',1,1.09861228866811,1,0,NULL),(145,'procedur','procedure',1,1.09861228866811,1,0.84,NULL),(146,'prune','prune',1,1.09861228866811,1,0,NULL),(147,'psycholinguist','psycholinguistics',1,1.09861228866811,1,0,NULL),(148,'reason','reasons',1,0.78845736036427,1,0,NULL),(149,'recal','recall',1,1.01160091167848,1,0,NULL),(150,'rectifi','rectify',1,1.09861228866811,1,0,NULL),(151,'relat','relation\nrelations\nrelated',1,1.01160091167848,1,0,NULL),(152,'represent','representations',1,0.916290731874155,1,0,NULL),(153,'reus','reuse',1,0.916290731874155,1,0,NULL),(154,'sampl','samples',1,1.09861228866811,1,0.69,NULL),(155,'schema','schema',1,1.09861228866811,1,0.69,NULL),(156,'search','search\nsearches',1,1.01160091167848,1,0.79,NULL),(157,'semantic correspond','semantic correspondence',1,1.09861228866811,2,0,NULL),(158,'semantic interoper','semantic interoperability',1,1.09861228866811,2,0.69,NULL),(159,'semantic network','semantic network',1,1.09861228866811,2,1.38,NULL),(160,'seo','seo',1,1.09861228866811,1,0,NULL),(161,'sigmoid funct','sigmoid function',1,1.09861228866811,2,0,NULL),(162,'signi','signi',1,1.01160091167848,1,0,NULL),(163,'simd','simd',1,1.09861228866811,1,0.99,NULL),(164,'similarity matrix','similarity matrix',1,1.09861228866811,2,0,NULL),(165,'standard','standard',1,1.01160091167848,1,0,NULL),(166,'state','state',1,0.916290731874155,1,0,NULL),(167,'structur','structure',1,0.916290731874155,1,0,NULL),(168,'syntax','syntax',1,0.78845736036427,1,0,NULL),(169,'task','task\ntasks',1,1.01160091167848,1,0,NULL),(170,'technolog','technology',1,1.01160091167848,1,3.75,NULL),(171,'terminolog','terminologies',1,1.09861228866811,1,0,NULL),(172,'text min','text mining',1,1.09861228866811,2,0.84,NULL),(173,'thesauru','thesaurus',1,1.09861228866811,1,0,NULL),(174,'token','tokens\ntokenize',1,1.09861228866811,1,0,NULL),(175,'transform','transform',1,1.01160091167848,1,4.2,NULL),(176,'type','type\ntypes',1,0.916290731874155,1,0,NULL),(177,'univers','university',1,0.916290731874155,1,0,NULL),(178,'wordnet','wordnet',1,1.09861228866811,1,0,NULL),(179,'decision mak','decision making',0,1.09861228866811,2,0,NULL),(180,'bayesian decis','bayesian decision',0,1.09861228866811,2,0,NULL),(181,'rimom','rimom',0,1.09861228866811,1,0,NULL),(182,'multiple decis','multiple decisions',0,1.09861228866811,2,0,NULL),(183,'keyword','keywords',1,0.451985123743057,1,3.06,NULL),(184,'ecosystem model concept','ecosystem model concepts',0,1.6094379124341,3,0,NULL),(185,'access','accessibility',1,2.30258509299405,1,0,NULL),(186,'condit','conditions',1,1.70474809223843,1,0,NULL),(187,'correct','corrections',1,1.70474809223843,1,0.84,NULL),(188,'ec','ec',1,2.30258509299405,1,0.99,NULL),(189,'extens','extension',1,1.70474809223843,1,0,NULL),(190,'featur','features',1,2.30258509299405,1,0,NULL),(191,'formal languag','formal language',1,2.30258509299405,2,0,NULL),(192,'heurist','heuristics',1,2.30258509299405,1,0,NULL),(193,'int','int',1,2.30258509299405,1,0,NULL),(194,'list','list\nlisted',1,2.30258509299405,1,0.69,NULL),(195,'logic','logical',1,1.70474809223843,1,0,NULL),(196,'ontology concept','ontology concept\nontology concepts',1,2.30258509299405,2,0,NULL),(197,'ontology construct','ontology construct',1,2.30258509299405,2,0,NULL),(198,'ontology engin','ontology engineers',1,2.30258509299405,2,0,NULL),(199,'ontology evolut','ontology evolution',1,2.30258509299405,2,0,NULL),(200,'ontology vers','ontology version\nontology versioning',1,2.30258509299405,2,0,NULL),(201,'owl ontolog','owl ontology\nowl ontologies',1,2.30258509299405,2,0,NULL),(202,'realiz','realize',1,1.70474809223843,1,0,NULL),(203,'retriev','retrieve',1,2.30258509299405,1,0,NULL),(204,'side effect','side effects',1,2.30258509299405,2,0,NULL),(205,'subclass','subclass',1,2.30258509299405,1,0,NULL),(206,'subset','subset',1,1.70474809223843,1,0,NULL),(207,'weaken','weakening',1,2.30258509299405,1,0.84,NULL),(208,'change manag','change management',0,2.30258509299405,2,0,NULL),(209,'version log','version log',0,2.30258509299405,2,0,NULL),(210,'evolution log','evolution log',0,2.30258509299405,2,0,NULL),(211,'change detect','change detection',0,2.30258509299405,2,0,NULL),(212,'temporal log','temporal logic',0,2.30258509299405,2,0,NULL),(213,'bound','bounded',1,2.39789527279837,1,0,NULL),(214,'brows','browsing',1,2.39789527279837,1,0,NULL),(215,'complet','complete\ncompleteness',1,2.39789527279837,1,0,NULL),(216,'complexity class','complexity classes',1,2.39789527279837,2,0.84,NULL),(217,'computational complex','computational complexity',1,2.39789527279837,2,0,NULL),(218,'description log','description logic\ndescription logics',1,2.39789527279837,2,0,NULL),(219,'divers','diversity',1,2.39789527279837,1,0,NULL),(220,'element','element\nelements',1,2.39789527279837,1,0.84,NULL),(221,'es','es',1,2.39789527279837,1,0.99,NULL),(222,'event','events',1,2.39789527279837,1,0,NULL),(223,'exponential tim','exponential time',1,2.39789527279837,2,0.84,NULL),(224,'formal semant','formal semantics',1,2.39789527279837,2,0,NULL),(225,'fuzzy log','fuzzy logic',1,2.39789527279837,2,0.69,NULL),(226,'fuzzy set','fuzzy set',1,2.39789527279837,2,0,NULL),(227,'gold','gold',1,2.39789527279837,1,0,NULL),(228,'i','i',1,2.39789527279837,1,0.99,NULL),(229,'inherit','inheritance',1,2.39789527279837,1,0,NULL),(230,'institut','institutions',1,2.39789527279837,1,0.84,NULL),(231,'internet','internet',1,2.39789527279837,1,0,NULL),(232,'interpret','interpretation',1,2.39789527279837,1,0,NULL),(233,'invers','inverses',1,2.39789527279837,1,0,NULL),(234,'kb','kb',1,2.39789527279837,1,0,NULL),(235,'ma','ma',1,2.39789527279837,1,4.64,NULL),(236,'matchmak','matchmaking',1,2.39789527279837,1,0,NULL),(237,'navig','navigation',1,2.39789527279837,1,0,NULL),(238,'oc','oc',1,2.39789527279837,1,0,NULL),(239,'ontology lay','ontology layer',1,2.39789527279837,2,0,NULL),(240,'pc','pcs\nPC',1,2.39789527279837,1,0,NULL),(241,'polynomial tim','polynomial time',1,2.39789527279837,2,0.84,NULL),(242,'product','product\nproducts',1,2.39789527279837,1,0.84,NULL),(243,'query languag','query languages',1,2.39789527279837,2,1.38,NULL),(244,'rank','ranking\nranks\nrankings',1,2.39789527279837,1,0,NULL),(245,'recommender system','recommender systems',1,2.39789527279837,2,0,NULL),(246,'rewrit','rewrite\nrewriting',1,2.39789527279837,1,0,NULL),(247,'search engin','search engines',1,2.39789527279837,2,0,NULL),(248,'strati','strati',1,2.39789527279837,1,0,NULL),(249,'strength','strength\nstrengths',1,2.39789527279837,1,0.84,NULL),(250,'turing machin','turing machine',1,2.39789527279837,2,0.84,NULL),(251,'web ontolog','web ontology',1,2.39789527279837,2,0,NULL),(252,'web ontology languag','web ontology languages',1,2.39789527279837,3,0,NULL),(253,'web resourc','web resources',1,2.39789527279837,2,0,NULL),(254,'variable-strength','variable-strength',0,2.39789527279837,1,0,NULL),(255,'literature search','literature search',0,2.39789527279837,2,0,NULL),(256,'variable-strength conditional prefer','variable-strength conditional preference',0,2.39789527279837,3,0,NULL);
/*!40000 ALTER TABLE `candidate_term` ENABLE KEYS */;
UNLOCK TABLES;

--
-- Table structure for table `document`
--

DROP TABLE IF EXISTS `document`;
/*!40101 SET @saved_cs_client     = @@character_set_client */;
/*!40101 SET character_set_client = utf8 */;
CREATE TABLE `document` (
  `id_document` int(11) NOT NULL AUTO_INCREMENT,
  `id_type` int(11) NOT NULL,
  `id_subject` int(11) DEFAULT NULL,
  `title` text NOT NULL,
  `file_name` text,
  `creator` text,
  `description` text,
  `publisher` text,
  `contributor` text,
  `published_date` varchar(20) DEFAULT NULL,
  `format` varchar(45) DEFAULT NULL,
  `identifier` text,
  `source` text,
  `language` varchar(45) DEFAULT NULL,
  `relation` text,
  `coverage` text,
  `rights` text,
  PRIMARY KEY (`id_document`)
) ENGINE=InnoDB AUTO_INCREMENT=12 DEFAULT CHARSET=utf8;
/*!40101 SET character_set_client = @saved_cs_client */;

--
-- Dumping data for table `document`
--

LOCK TABLES `document` WRITE;
/*!40000 ALTER TABLE `document` DISABLE KEYS */;
INSERT INTO `document` (`id_document`, `id_type`, `id_subject`, `title`, `file_name`, `creator`, `description`, `publisher`, `contributor`, `published_date`, `format`, `identifier`, `source`, `language`, `relation`, `coverage`, `rights`) VALUES (1,1,141,'','101-117-3-PB.pdf','','','','','','pdf','',NULL,'','','',''),(2,1,141,'','101-117-3-PB.pdf','','','','','','pdf','',NULL,'','','',''),(3,1,141,'','102-118-3-PB.pdf','','','','','','pdf','',NULL,'','','',''),(4,1,141,'','101-117-3-PB.pdf','','','','','','pdf','',NULL,'','','',''),(5,1,141,'Ontologies for ecoinformatics','101-117-3-PB.pdf','','','','','','pdf','',NULL,'','','',''),(6,1,141,'Ontologies for ecoinformatics','101-117-3-PB.pdf','Richard J. Williamsa,b, Neo D. Martineza, Jennifer Golbeckc,*aPaci?c Ecoinformatics and Computational Ecology Lab, 1604 McGee Ave. Berkeley, CA 94703, United StatesbSan Francisco State University, Computer Science Department, San Francisco, CA, United StatescUniversity of Maryland, Computer Science Department, A.V.','','','','','pdf','',NULL,'','','',''),(7,1,141,'Using Bayesian decision for ontology mapping','102-118-3-PB.pdf','Jie Tang*, Juanzi Li, Bangyong Liang, Xiaotong Huang, Yi Li, Kehong WangDepartment of Computer Science and Technology, 10-201, East Main Building, Tsinghua University, Beijing 100084, PR China','','','','','pdf','',NULL,'English','','',''),(8,1,141,'Ontologies for ecoinformatics','101-117-3-PB.pdf','Richard J. Williamsa,b, Neo D. Martineza, Jennifer Golbeckc,*aPaci?c Ecoinformatics and Computational Ecology Lab, 1604 McGee Ave. Berkeley, CA 94703, United StatesbSan Francisco State University, Computer Science Department, San Francisco, CA, United StatescUniversity of Maryland, Computer Science Department, A.V.','','','','','pdf','',NULL,'','','',''),(9,1,141,'Using Bayesian decision for ontology mapping','102-118-3-PB.pdf','','','','','','pdf','',NULL,'','','',''),(10,1,141,'Understanding ontology evolution: A change detection approach','109-125-3-PB.pdf','','','','','','pdf','',NULL,'','','',''),(11,1,141,'Variable-strength conditional preferences forranking objects in ontologies','122-138-3-PB.pdf','','','','','','pdf','',NULL,'','','','');
/*!40000 ALTER TABLE `document` ENABLE KEYS */;
UNLOCK TABLES;

--
-- Table structure for table `document_section`
--

DROP TABLE IF EXISTS `document_section`;
/*!40101 SET @saved_cs_client     = @@character_set_client */;
/*!40101 SET character_set_client = utf8 */;
CREATE TABLE `document_section` (
  `id_section` int(11) NOT NULL,
  `section_name` varchar(200) NOT NULL,
  `description` text,
  `weight` decimal(10,0) NOT NULL,
  PRIMARY KEY (`id_section`)
) ENGINE=InnoDB DEFAULT CHARSET=utf8;
/*!40101 SET character_set_client = @saved_cs_client */;

--
-- Dumping data for table `document_section`
--

LOCK TABLES `document_section` WRITE;
/*!40000 ALTER TABLE `document_section` DISABLE KEYS */;
/*!40000 ALTER TABLE `document_section` ENABLE KEYS */;
UNLOCK TABLES;

--
-- Table structure for table `document_structure`
--

DROP TABLE IF EXISTS `document_structure`;
/*!40101 SET @saved_cs_client     = @@character_set_client */;
/*!40101 SET character_set_client = utf8 */;
CREATE TABLE `document_structure` (
  `id_type` int(11) NOT NULL,
  `id_section` int(11) NOT NULL,
  PRIMARY KEY (`id_type`,`id_section`)
) ENGINE=InnoDB DEFAULT CHARSET=utf8;
/*!40101 SET character_set_client = @saved_cs_client */;

--
-- Dumping data for table `document_structure`
--

LOCK TABLES `document_structure` WRITE;
/*!40000 ALTER TABLE `document_structure` DISABLE KEYS */;
/*!40000 ALTER TABLE `document_structure` ENABLE KEYS */;
UNLOCK TABLES;

--
-- Table structure for table `document_terms_relationship`
--

DROP TABLE IF EXISTS `document_terms_relationship`;
/*!40101 SET @saved_cs_client     = @@character_set_client */;
/*!40101 SET character_set_client = utf8 */;
CREATE TABLE `document_terms_relationship` (
  `id_document` int(11) NOT NULL,
  `id_term` int(11) NOT NULL,
  `is_keyphrase` tinyint(4) NOT NULL,
  `tf` double NOT NULL,
  `occurence_first_position` double NOT NULL,
  `occurence_position_weight` double NOT NULL,
  PRIMARY KEY (`id_document`,`id_term`)
) ENGINE=InnoDB DEFAULT CHARSET=utf8;
/*!40101 SET character_set_client = @saved_cs_client */;

--
-- Dumping data for table `document_terms_relationship`
--

LOCK TABLES `document_terms_relationship` WRITE;
/*!40000 ALTER TABLE `document_terms_relationship` DISABLE KEYS */;
INSERT INTO `document_terms_relationship` (`id_document`, `id_term`, `is_keyphrase`, `tf`, `occurence_first_position`, `occurence_position_weight`) VALUES (1,1,0,0.0625,0.0121571953633022,1.5),(1,2,0,0.0208333333333333,0.0899067005937235,0.5),(1,3,0,0.0208333333333333,0.24286118179248,0.5),(1,4,0,0.104166666666667,0.322024314390727,2.5),(1,5,0,0.0208333333333333,0.315804353972293,0.5),(1,6,0,0.0208333333333333,0.205824144755442,0.5),(1,7,0,0.0208333333333333,0.40373197625106,0.5),(1,8,0,0.0208333333333333,0.404297427198191,0.5),(1,9,0,0.0208333333333333,0.236641221374046,0.5),(1,10,0,0.104166666666667,0.060503251342946,2.5),(1,11,0,0.0416666666666667,0.251060220525869,1),(1,12,0,0.0625,0.19310149844501,1.5),(1,13,0,0.0625,0.0596550749222505,1.5),(1,14,0,0.0208333333333333,0.30308170766186,0.5),(1,15,0,0.0625,0.180661577608142,1.5),(1,16,0,0.0208333333333333,0.311563471868815,0.5),(1,17,0,0.0416666666666667,0.181792479502403,1),(1,18,0,0.0833333333333333,0.0749222504947696,2),(1,19,0,0.0416666666666667,0.330506078597682,1),(1,20,0,0.0208333333333333,0.251342945999435,0.5),(1,21,0,0.0208333333333333,0.0658750353406842,0.5),(1,22,0,0.0208333333333333,0.222504947695787,0.5),(1,23,0,0.125,0.0062199604184337,3),(1,24,0,0.0208333333333333,0.0356234096692112,0.5),(1,25,0,0.0208333333333333,0.211478654226746,0.5),(1,26,0,0.0208333333333333,0.10121571953633,0.5),(1,27,0,0.0416666666666667,0.0421260955612101,1),(1,28,0,0.0208333333333333,0.321741588917161,0.5),(1,29,0,0.0833333333333333,0.0998020921685044,2),(1,30,0,0.0208333333333333,0.25982471020639,0.5),(1,31,0,0.0208333333333333,0.296579021769861,0.5),(1,32,0,0.0208333333333333,0.200452360757704,0.5),(1,33,0,0.0833333333333333,0.0896239751201583,2),(1,34,0,0.104166666666667,0.0661577608142494,2.5),(1,35,0,0.0625,0.0477806050325134,1.5),(1,36,0,0.0833333333333333,0.101498445009895,2),(1,37,0,0.0208333333333333,0.188860616341532,0.5),(1,38,0,0.0416666666666667,0.0418433700876449,1),(1,39,0,0.0625,0.205541419281877,1.5),(1,40,0,0.208333333333333,0.0752049759683348,5),(1,41,0,0.0208333333333333,0.415323720667232,0.5),(1,42,0,0.0625,0.236075770426915,1.5),(1,43,0,0.0208333333333333,0.240316652530393,0.5),(1,44,0,0.0208333333333333,0.199886909810574,0.5),(1,45,1,0.270833333333333,0.000282725473565168,6.5),(1,46,0,0.0625,0.0986711902742437,1.5),(1,47,0,0.0208333333333333,0.0978230138535482,0.5),(1,48,0,0.0416666666666667,0.260107435679955,1),(1,49,0,0.0208333333333333,0.381962114786542,0.5),(1,50,0,0.0208333333333333,0.342945999434549,0.5),(1,51,0,0.0416666666666667,0.180378852134577,1),(1,52,0,0.0208333333333333,0.255301102629347,0.5),(1,53,0,0.0625,0.0876448968052022,1.5),(1,54,0,0.0833333333333333,0.116482895108849,2),(1,55,0,0.0208333333333333,0.0342097823013854,0.5),(1,56,0,0.0208333333333333,0.343228724908114,0.5),(1,57,0,0.0208333333333333,0.188295165394402,0.5),(1,58,0,0.0208333333333333,0.373480350579587,0.5),(1,59,1,0.0416666666666667,0.305343511450382,1),(1,60,0,0.0833333333333333,0.131467345207803,2),(1,61,0,0.0208333333333333,0.304212609556121,0.5),(1,62,0,0.0416666666666667,0.0429742719819056,1),(1,63,0,0.0208333333333333,0.328527000282725,0.5),(1,64,0,0.0625,0.124681933842239,1.5),(1,65,0,0.0416666666666667,0.27735368956743,1),(1,66,1,0.208333333333333,0.00650268589199887,5),(1,67,1,0.0208333333333333,0.368956743002545,0.5),(2,1,0,0.0625,0.0121571953633022,1.5),(2,2,0,0.0208333333333333,0.0899067005937235,0.5),(2,3,0,0.0208333333333333,0.24286118179248,0.5),(2,4,0,0.104166666666667,0.322024314390727,2.5),(2,5,0,0.0208333333333333,0.315804353972293,0.5),(2,6,0,0.0208333333333333,0.205824144755442,0.5),(2,7,0,0.0208333333333333,0.40373197625106,0.5),(2,8,0,0.0208333333333333,0.404297427198191,0.5),(2,9,0,0.0208333333333333,0.236641221374046,0.5),(2,10,0,0.104166666666667,0.060503251342946,2.5),(2,11,0,0.0416666666666667,0.251060220525869,1),(2,12,0,0.0625,0.19310149844501,1.5),(2,13,0,0.0625,0.0596550749222505,1.5),(2,14,0,0.0208333333333333,0.30308170766186,0.5),(2,15,0,0.0625,0.180661577608142,1.5),(2,16,0,0.0208333333333333,0.311563471868815,0.5),(2,17,0,0.0416666666666667,0.181792479502403,1),(2,18,0,0.0833333333333333,0.0749222504947696,2),(2,19,0,0.0416666666666667,0.330506078597682,1),(2,20,0,0.0208333333333333,0.251342945999435,0.5),(2,21,0,0.0208333333333333,0.0658750353406842,0.5),(2,22,0,0.0208333333333333,0.222504947695787,0.5),(2,23,0,0.125,0.0062199604184337,3),(2,24,0,0.0208333333333333,0.0356234096692112,0.5),(2,25,0,0.0208333333333333,0.211478654226746,0.5),(2,26,0,0.0208333333333333,0.10121571953633,0.5),(2,27,0,0.0416666666666667,0.0421260955612101,1),(2,28,0,0.0208333333333333,0.321741588917161,0.5),(2,29,0,0.0833333333333333,0.0998020921685044,2),(2,30,0,0.0208333333333333,0.25982471020639,0.5),(2,31,0,0.0208333333333333,0.296579021769861,0.5),(2,32,0,0.0208333333333333,0.200452360757704,0.5),(2,33,0,0.0833333333333333,0.0896239751201583,2),(2,34,0,0.104166666666667,0.0661577608142494,2.5),(2,35,0,0.0625,0.0477806050325134,1.5),(2,36,0,0.0833333333333333,0.101498445009895,2),(2,37,0,0.0208333333333333,0.188860616341532,0.5),(2,38,0,0.0416666666666667,0.0418433700876449,1),(2,39,0,0.0625,0.205541419281877,1.5),(2,40,0,0.208333333333333,0.0752049759683348,5),(2,41,0,0.0208333333333333,0.415323720667232,0.5),(2,42,0,0.0625,0.236075770426915,1.5),(2,43,0,0.0208333333333333,0.240316652530393,0.5),(2,44,0,0.0208333333333333,0.199886909810574,0.5),(2,45,1,0.270833333333333,0.000282725473565168,6.5),(2,46,0,0.0625,0.0986711902742437,1.5),(2,47,0,0.0208333333333333,0.0978230138535482,0.5),(2,48,0,0.0416666666666667,0.260107435679955,1),(2,49,0,0.0208333333333333,0.381962114786542,0.5),(2,50,0,0.0208333333333333,0.342945999434549,0.5),(2,51,0,0.0416666666666667,0.180378852134577,1),(2,52,0,0.0208333333333333,0.255301102629347,0.5),(2,53,0,0.0625,0.0876448968052022,1.5),(2,54,0,0.0833333333333333,0.116482895108849,2),(2,55,0,0.0208333333333333,0.0342097823013854,0.5),(2,56,0,0.0208333333333333,0.343228724908114,0.5),(2,57,0,0.0208333333333333,0.188295165394402,0.5),(2,58,0,0.0208333333333333,0.373480350579587,0.5),(2,59,1,0.0416666666666667,0.305343511450382,1),(2,60,0,0.0833333333333333,0.131467345207803,2),(2,61,0,0.0208333333333333,0.304212609556121,0.5),(2,62,0,0.0416666666666667,0.0429742719819056,1),(2,63,0,0.0208333333333333,0.328527000282725,0.5),(2,64,0,0.0625,0.124681933842239,1.5),(2,65,0,0.0416666666666667,0.27735368956743,1),(2,66,1,0.208333333333333,0.00650268589199887,5),(2,67,1,0.0208333333333333,0.368956743002545,0.5),(3,1,0,0.0131578947368421,0.0113076488167353,1),(3,2,0,0.00657894736842105,0.0895727324125676,0.5),(3,3,0,0.0131578947368421,0.267910508036508,1),(3,4,0,0.0328947368421053,0.0350537113318795,2.5),(3,6,0,0.0263157894736842,0.0781843146757128,2),(3,8,0,0.00657894736842105,0.402713835716016,0.5),(3,10,0,0.0197368421052632,0.0692189645424441,1.5),(3,11,0,0.0460526315789474,0.0289152734027946,3.5),(3,12,0,0.0460526315789474,0.0670382036992165,3.5),(3,13,0,0.0131578947368421,0.0548420967611663,1),(3,14,0,0.00657894736842105,0.128987965430902,0.5),(3,15,0,0.00657894736842105,0.393748485582748,0.5),(3,18,0,0.177631578947368,0.028672966642436,13.5),(3,19,0,0.00657894736842105,0.0844842904450367,0.5),(3,20,0,0.0657894736842105,0.0818996850012115,5),(3,21,0,0.0197368421052632,0.0334383329294887,1.5),(3,23,0,0.0394736842105263,0.248929811808416,3),(3,27,0,0.0131578947368421,0.0338421775300864,1),(3,30,0,0.0263157894736842,0.129068734351022,2),(3,32,0,0.0263157894736842,0.088118891850416,2),(3,34,0,0.0131578947368421,0.0899765770131653,1),(3,35,0,0.0394736842105263,0.0814958404006138,3),(3,36,0,0.0131578947368421,0.02972296260399,1),(3,38,0,0.0131578947368421,0.0504805750747113,1),(3,39,0,0.00657894736842105,0.216945319441079,0.5),(3,40,0,0.0263157894736842,0.123334141022535,2),(3,42,0,0.0263157894736842,0.0415959938615621,2),(3,44,0,0.00657894736842105,0.32347952507875,0.5),(3,45,0,0.243421052631579,0.000161537840239076,18.5),(3,46,0,0.0131578947368421,0.0125999515386479,1),(3,47,0,0.0131578947368421,0.228010661497456,1),(3,50,0,0.0789473684210526,0.0916727243356756,6),(3,52,0,0.0855263157894737,0.216541474840481,6.5),(3,53,0,0.0394736842105263,0.0016961473225103,3),(3,54,0,0.0723684210526316,0.0314191099265003,5.5),(3,58,0,0.0131578947368421,0.0462805912284953,1),(3,59,1,0.0263157894736842,0.00621920684920443,2),(3,60,0,0.0789473684210526,0.0288345044826751,6),(3,62,0,0.0328947368421053,0.331798723851062,2.5),(3,64,0,0.0526315789473684,0.27792585413133,4),(3,68,0,0.00657894736842105,0.254906711897262,0.5),(3,69,0,0.00657894736842105,0.015911477263549,0.5),(3,70,0,0.00657894736842105,0.372183183910831,0.5),(3,71,0,0.0131578947368421,0.360956304014215,1),(3,72,0,0.00657894736842105,0.406509974961635,0.5),(3,73,0,0.00657894736842105,0.0146191745416364,0.5),(3,74,0,0.00657894736842105,0.0358614005330749,0.5),(3,75,0,0.00657894736842105,0.406671512801874,0.5),(3,76,0,0.00657894736842105,0.0304498828850658,0.5),(3,77,0,0.0131578947368421,0.00363460140537921,1),(3,78,0,0.00657894736842105,0.00686535821016073,0.5),(3,79,0,0.00657894736842105,0.404813827639124,0.5),(3,80,0,0.00657894736842105,0.0385267748970196,0.5),(3,81,0,0.0197368421052632,0.0778612389952346,1.5),(3,82,0,0.00657894736842105,0.0147807123818755,0.5),(3,83,0,0.00657894736842105,0.216056861319764,0.5),(3,84,0,0.00657894736842105,0.384460059769001,0.5),(3,85,0,0.0723684210526316,0.0196268475890477,5.5),(3,86,0,0.105263157894737,0.0245537517163396,8),(3,87,0,0.00657894736842105,0.329294887327356,0.5),(3,88,0,0.00657894736842105,0.125353364025523,0.5),(3,89,0,0.00657894736842105,0.379937000242307,0.5),(3,90,0,0.00657894736842105,0.000726920281075842,0.5),(3,91,0,0.00657894736842105,0.0337614086099669,0.5),(3,92,0,0.00657894736842105,0.0503190372344722,0.5),(3,93,0,0.00657894736842105,0.410629189887731,0.5),(3,94,0,0.00657894736842105,0.393667716662628,0.5),(3,95,0,0.00657894736842105,0.401502301914223,0.5),(3,96,0,0.00657894736842105,0.339875615863016,0.5),(3,97,0,0.00657894736842105,0.410225345287134,0.5),(3,98,0,0.00657894736842105,0.0345690978111623,0.5),(3,99,0,0.00657894736842105,0.0915111864954366,0.5),(3,100,0,0.00657894736842105,0.00896535013326872,0.5),(3,101,0,0.00657894736842105,0.11008803812293,0.5),(3,102,0,0.00657894736842105,0.349890961957839,0.5),(3,103,0,0.00657894736842105,0.378725466440514,0.5),(3,104,0,0.00657894736842105,0.325417979161619,0.5),(3,105,0,0.00657894736842105,0.322429529117196,0.5),(3,106,0,0.00657894736842105,0.347467894354252,0.5),(3,107,0,0.00657894736842105,0.289395040788305,0.5),(3,108,0,0.0328947368421053,0.199095388094661,2.5),(3,109,0,0.00657894736842105,0.322671835877554,0.5),(3,110,0,0.0197368421052632,0.0556497859623617,1.5),(3,111,0,0.00657894736842105,0.0839189080042,0.5),(3,112,0,0.00657894736842105,0.313787254664405,0.5),(3,113,0,0.00657894736842105,0.150634036022938,0.5),(3,114,0,0.0131578947368421,0.150876342783297,1),(3,115,0,0.00657894736842105,0.344237137549471,0.5),(3,116,0,0.0131578947368421,0.287456586705436,1),(3,117,0,0.00657894736842105,0.33212179953154,0.5),(3,118,0,0.00657894736842105,0.0365883208141507,0.5),(3,119,0,0.0131578947368421,0.329779500848074,1),(3,120,0,0.00657894736842105,0.368225506824974,0.5),(3,121,0,0.00657894736842105,0.159437848315968,0.5),(3,122,0,0.00657894736842105,0.429852192876181,0.5),(3,123,0,0.401315789473684,0.00161537840239076,30.5),(3,124,0,0.00657894736842105,0.133430256037477,0.5),(3,125,0,0.0197368421052632,0.164203214603021,1.5),(3,126,0,0.0657894736842105,0.0159922461836685,5),(3,127,0,0.00657894736842105,0.0461190533882562,0.5),(3,128,1,0.0131578947368421,0.158387852354414,1),(3,129,0,0.0131578947368421,0.213553024796058,1),(3,130,0,0.00657894736842105,0.160568613197642,0.5),(3,131,1,0.0197368421052632,0.00411921492609644,1.5),(3,132,0,0.0131578947368421,0.0222922219529925,1),(3,133,0,0.0131578947368421,0.133995638478314,1),(3,134,0,0.00657894736842105,0.404894596559244,0.5),(3,135,0,0.00657894736842105,0.389710039576771,0.5),(3,136,0,0.00657894736842105,0.432275260479767,0.5),(3,137,0,0.0197368421052632,0.331475648170584,1.5),(3,138,1,0.0197368421052632,0.0505613439948308,1.5),(3,139,0,0.00657894736842105,0.398190776189322,0.5),(3,140,1,0.0986842105263158,0.00218076084322753,7.5),(3,141,0,0.0131578947368421,0.333010257652855,1),(3,142,0,0.00657894736842105,0.0193845408286891,0.5),(3,143,0,0.00657894736842105,0.0459575155480171,0.5),(3,144,0,0.00657894736842105,0.0460382844681367,0.5),(3,145,0,0.00657894736842105,0.176803166141669,0.5),(3,146,0,0.00657894736842105,0.175753170180115,0.5),(3,147,0,0.00657894736842105,0.0463613601486148,0.5),(3,148,0,0.00657894736842105,0.254825942977142,0.5),(3,149,0,0.0723684210526316,0.216622243760601,5.5),(3,150,0,0.00657894736842105,0.0852919796462321,0.5),(3,151,0,0.0592105263157895,0.0097730393344641,4.5),(3,152,0,0.0131578947368421,0.0102576528551813,1),(3,153,0,0.00657894736842105,0.413133026411437,0.5),(3,154,0,0.0197368421052632,0.0663920523382602,1.5),(3,155,0,0.0131578947368421,0.227122203376141,1),(3,156,0,0.0263157894736842,0.18181083918908,2),(3,157,0,0.00657894736842105,0.0516113399563848,0.5),(3,158,1,0.00657894736842105,0.367498586543898,0.5),(3,159,0,0.00657894736842105,0.104191906954204,0.5),(3,160,0,0.00657894736842105,0.392456182860835,0.5),(3,161,0,0.00657894736842105,0.153541717147242,0.5),(3,162,0,0.0394736842105263,0.00565382440836766,3),(3,163,0,0.0197368421052632,0.105645747516356,1.5),(3,164,0,0.0131578947368421,0.34084484290445,1),(3,165,0,0.0394736842105263,0.251918261852839,3),(3,166,0,0.00657894736842105,0.389548501736532,0.5),(3,167,0,0.00657894736842105,0.0407883046603667,0.5),(3,168,0,0.00657894736842105,0.0461998223083757,0.5),(3,169,0,0.0328947368421053,0.159357079395848,2.5),(3,170,0,0.00657894736842105,0.000080768920119538,0.5),(3,171,0,0.00657894736842105,0.0251999030772959,0.5),(3,172,0,0.00657894736842105,0.429932961796301,0.5),(3,173,0,0.0131578947368421,0.102657297471933,1),(3,174,0,0.0131578947368421,0.111461109764962,1),(3,175,0,0.00657894736842105,0.162749374040869,0.5),(3,176,0,0.0263157894736842,0.165010903804216,2),(3,177,0,0.0131578947368421,0.377029319118003,1),(3,178,0,0.00657894736842105,0.106938050238268,0.5),(3,179,1,0.0197368421052632,0.00290768112430337,1.5),(3,180,1,0.00657894736842105,0.00629997576932396,0.5),(3,181,1,0.177631578947368,0.0645343671755109,13.5),(3,182,1,0.0197368421052632,0.0961150149422502,1.5),(4,1,0,0.0625,0.0121571953633022,1.5),(4,2,0,0.0208333333333333,0.0899067005937235,0.5),(4,3,0,0.0208333333333333,0.24286118179248,0.5),(4,4,0,0.104166666666667,0.322024314390727,2.5),(4,5,0,0.0208333333333333,0.315804353972293,0.5),(4,6,0,0.0208333333333333,0.205824144755442,0.5),(4,7,0,0.0208333333333333,0.40373197625106,0.5),(4,8,0,0.0208333333333333,0.404297427198191,0.5),(4,9,0,0.0208333333333333,0.236641221374046,0.5),(4,10,0,0.104166666666667,0.060503251342946,2.5),(4,11,0,0.0416666666666667,0.251060220525869,1),(4,12,0,0.0625,0.19310149844501,1.5),(4,13,0,0.0625,0.0596550749222505,1.5),(4,14,0,0.0208333333333333,0.30308170766186,0.5),(4,15,0,0.0625,0.180661577608142,1.5),(4,16,0,0.0208333333333333,0.311563471868815,0.5),(4,17,0,0.0416666666666667,0.181792479502403,1),(4,18,0,0.0833333333333333,0.0749222504947696,2),(4,19,0,0.0416666666666667,0.330506078597682,1),(4,20,0,0.0208333333333333,0.251342945999435,0.5),(4,21,0,0.0208333333333333,0.0658750353406842,0.5),(4,22,0,0.0208333333333333,0.222504947695787,0.5),(4,23,0,0.125,0.0062199604184337,3),(4,24,0,0.0208333333333333,0.0356234096692112,0.5),(4,25,0,0.0208333333333333,0.211478654226746,0.5),(4,26,0,0.0208333333333333,0.10121571953633,0.5),(4,27,0,0.0416666666666667,0.0421260955612101,1),(4,28,0,0.0208333333333333,0.321741588917161,0.5),(4,29,0,0.0833333333333333,0.0998020921685044,2),(4,30,0,0.0208333333333333,0.25982471020639,0.5),(4,31,0,0.0208333333333333,0.296579021769861,0.5),(4,32,0,0.0208333333333333,0.200452360757704,0.5),(4,33,0,0.0833333333333333,0.0896239751201583,2),(4,34,0,0.104166666666667,0.0661577608142494,2.5),(4,35,0,0.0625,0.0477806050325134,1.5),(4,36,0,0.0833333333333333,0.101498445009895,2),(4,37,0,0.0208333333333333,0.188860616341532,0.5),(4,38,0,0.0416666666666667,0.0418433700876449,1),(4,39,0,0.0625,0.205541419281877,1.5),(4,40,0,0.208333333333333,0.0752049759683348,5),(4,41,0,0.0208333333333333,0.415323720667232,0.5),(4,42,0,0.0625,0.236075770426915,1.5),(4,43,0,0.0208333333333333,0.240316652530393,0.5),(4,44,0,0.0208333333333333,0.199886909810574,0.5),(4,45,1,0.270833333333333,0.000282725473565168,6.5),(4,46,0,0.0625,0.0986711902742437,1.5),(4,47,0,0.0208333333333333,0.0978230138535482,0.5),(4,48,0,0.0416666666666667,0.260107435679955,1),(4,49,0,0.0208333333333333,0.381962114786542,0.5),(4,50,0,0.0208333333333333,0.342945999434549,0.5),(4,51,0,0.0416666666666667,0.180378852134577,1),(4,52,0,0.0208333333333333,0.255301102629347,0.5),(4,53,0,0.0625,0.0876448968052022,1.5),(4,54,0,0.0833333333333333,0.116482895108849,2),(4,55,0,0.0208333333333333,0.0342097823013854,0.5),(4,56,0,0.0208333333333333,0.343228724908114,0.5),(4,57,0,0.0208333333333333,0.188295165394402,0.5),(4,58,0,0.0208333333333333,0.373480350579587,0.5),(4,59,1,0.0416666666666667,0.305343511450382,1),(4,60,0,0.0833333333333333,0.131467345207803,2),(4,61,0,0.0208333333333333,0.304212609556121,0.5),(4,62,0,0.0416666666666667,0.0429742719819056,1),(4,63,0,0.0208333333333333,0.328527000282725,0.5),(4,64,0,0.0625,0.124681933842239,1.5),(4,65,0,0.0416666666666667,0.27735368956743,1),(4,66,1,0.208333333333333,0.00650268589199887,5),(4,67,1,0.0208333333333333,0.368956743002545,0.5),(5,1,0,0.0526315789473684,0.0132468996617813,1.9),(5,2,0,0.0175438596491228,0.0938556933483653,0.5),(5,3,0,0.0175438596491228,0.246335963923337,0.5),(5,4,0,0.087719298245614,0.325253664036077,2.9),(5,5,0,0.0175438596491228,0.319052987598647,0.5),(5,6,0,0.0175438596491228,0.209413754227734,0.5),(5,7,0,0.0175438596491228,0.408399098083427,0.7),(5,8,0,0.0175438596491228,0.408962795941375,0.7),(5,9,0,0.0175438596491228,0.240135287485908,0.5),(5,10,0,0.087719298245614,0.0634160090191657,2.6),(5,11,0,0.0350877192982456,0.254509582863585,1),(5,12,0,0.0526315789473684,0.196730552423901,1.5),(5,13,0,0.0526315789473684,0.0625704622322435,2),(5,14,0,0.0175438596491228,0.306369785794814,0.5),(5,15,0,0.0526315789473684,0.184329199549042,1.7),(5,16,0,0.0175438596491228,0.314825253664036,0.5),(5,17,0,0.0350877192982456,0.185456595264938,1),(5,18,0,0.0701754385964912,0.0777903043968433,2.1),(5,19,0,0.0350877192982456,0.333709131905299,1),(5,20,0,0.0175438596491228,0.254791431792559,0.5),(5,21,0,0.0175438596491228,0.068771138669673,0.6),(5,22,0,0.0175438596491228,0.226042841037204,0.5),(5,23,0,0.105263157894737,0.00817361894024803,3.3),(5,24,0,0.0175438596491228,0.0386133032694476,0.6),(5,25,0,0.0175438596491228,0.215050732807215,0.5),(5,26,0,0.0175438596491228,0.105129650507328,0.5),(5,27,0,0.0350877192982456,0.0450958286358512,1.1),(5,28,0,0.0175438596491228,0.324971815107103,0.5),(5,29,0,0.0701754385964912,0.103720405862458,2),(5,30,0,0.0175438596491228,0.263246899661781,0.5),(5,31,0,0.0175438596491228,0.29988726042841,0.5),(5,32,0,0.0175438596491228,0.204058624577227,0.5),(5,33,0,0.0701754385964912,0.0935738444193912,2),(5,34,0,0.087719298245614,0.0690529875986471,2.8),(5,35,0,0.0526315789473684,0.0507328072153326,1.6),(5,36,0,0.0701754385964912,0.105411499436302,2),(5,37,0,0.0175438596491228,0.19250281848929,0.5),(5,38,0,0.0350877192982456,0.0448139797068771,1.1),(5,39,0,0.0526315789473684,0.20913190529876,1.5),(5,40,0,0.175438596491228,0.0780721533258174,5.3),(5,41,0,0.0175438596491228,0.419954904171364,0.7),(5,42,0,0.0526315789473684,0.239571589627959,1.5),(5,43,0,0.0175438596491228,0.24379932356257,0.5),(5,44,0,0.0175438596491228,0.203494926719278,0.5),(5,45,1,0.228070175438596,0.00028184892897407,8.3),(5,46,0,0.0526315789473684,0.102593010146561,1.5),(5,47,0,0.0175438596491228,0.101747463359639,0.5),(5,48,0,0.0350877192982456,0.263528748590755,1),(5,49,0,0.0175438596491228,0.385287485907554,0.7),(5,50,0,0.0175438596491228,0.346110484780158,0.5),(5,51,0,0.0350877192982456,0.184047350620068,1),(5,52,0,0.0175438596491228,0.258737316798196,0.5),(5,53,0,0.0526315789473684,0.0916009019165727,1.5),(5,54,0,0.0701754385964912,0.120349492671928,2),(5,55,0,0.0175438596491228,0.0372040586245772,0.6),(5,56,0,0.0175438596491228,0.346392333709132,0.5),(5,57,0,0.0175438596491228,0.191939120631342,0.5),(5,58,0,0.0175438596491228,0.376832018038331,0.7),(5,59,1,0.087719298245614,0.0191657271702368,3.5),(5,60,0,0.0701754385964912,0.135287485907554,2),(5,61,0,0.0175438596491228,0.30749718151071,0.5),(5,62,0,0.0350877192982456,0.0459413754227734,1.1),(5,63,0,0.0175438596491228,0.33173618940248,0.5),(5,64,0,0.0526315789473684,0.128523111612176,1.5),(5,65,0,0.0350877192982456,0.280721533258174,1),(5,66,1,0.175438596491228,0.0084554678692221,6.4),(5,67,1,0.0175438596491228,0.372322435174746,0.7),(5,183,0,0.0175438596491228,0.0205749718151071,1),(5,184,1,0.0175438596491228,0.189120631341601,0.5),(6,1,0,0.0526315789473684,0.0132468996617813,1.9),(6,2,0,0.0175438596491228,0.0938556933483653,0.5),(6,3,0,0.0175438596491228,0.246335963923337,0.5),(6,4,0,0.087719298245614,0.325253664036077,2.9),(6,5,0,0.0175438596491228,0.319052987598647,0.5),(6,6,0,0.0175438596491228,0.209413754227734,0.5),(6,7,0,0.0175438596491228,0.408399098083427,0.7),(6,8,0,0.0175438596491228,0.408962795941375,0.7),(6,9,0,0.0175438596491228,0.240135287485908,0.5),(6,10,0,0.087719298245614,0.0634160090191657,2.6),(6,11,0,0.0350877192982456,0.254509582863585,1),(6,12,0,0.0526315789473684,0.196730552423901,1.5),(6,13,0,0.0526315789473684,0.0625704622322435,2),(6,14,0,0.0175438596491228,0.306369785794814,0.5),(6,15,0,0.0526315789473684,0.184329199549042,1.7),(6,16,0,0.0175438596491228,0.314825253664036,0.5),(6,17,0,0.0350877192982456,0.185456595264938,1),(6,18,0,0.0701754385964912,0.0777903043968433,2.1),(6,19,0,0.0350877192982456,0.333709131905299,1),(6,20,0,0.0175438596491228,0.254791431792559,0.5),(6,21,0,0.0175438596491228,0.068771138669673,0.6),(6,22,0,0.0175438596491228,0.226042841037204,0.5),(6,23,0,0.105263157894737,0.00817361894024803,3.3),(6,24,0,0.0175438596491228,0.0386133032694476,0.6),(6,25,0,0.0175438596491228,0.215050732807215,0.5),(6,26,0,0.0175438596491228,0.105129650507328,0.5),(6,27,0,0.0350877192982456,0.0450958286358512,1.1),(6,28,0,0.0175438596491228,0.324971815107103,0.5),(6,29,0,0.0701754385964912,0.103720405862458,2),(6,30,0,0.0175438596491228,0.263246899661781,0.5),(6,31,0,0.0175438596491228,0.29988726042841,0.5),(6,32,0,0.0175438596491228,0.204058624577227,0.5),(6,33,0,0.0701754385964912,0.0935738444193912,2),(6,34,0,0.087719298245614,0.0690529875986471,2.8),(6,35,0,0.0526315789473684,0.0507328072153326,1.6),(6,36,0,0.0701754385964912,0.105411499436302,2),(6,37,0,0.0175438596491228,0.19250281848929,0.5),(6,38,0,0.0350877192982456,0.0448139797068771,1.1),(6,39,0,0.0526315789473684,0.20913190529876,1.5),(6,40,0,0.175438596491228,0.0780721533258174,5.3),(6,41,0,0.0175438596491228,0.419954904171364,0.7),(6,42,0,0.0526315789473684,0.239571589627959,1.5),(6,43,0,0.0175438596491228,0.24379932356257,0.5),(6,44,0,0.0175438596491228,0.203494926719278,0.5),(6,45,1,0.228070175438596,0.00028184892897407,8.3),(6,46,0,0.0526315789473684,0.102593010146561,1.5),(6,47,0,0.0175438596491228,0.101747463359639,0.5),(6,48,0,0.0350877192982456,0.263528748590755,1),(6,49,0,0.0175438596491228,0.385287485907554,0.7),(6,50,0,0.0175438596491228,0.346110484780158,0.5),(6,51,0,0.0350877192982456,0.184047350620068,1),(6,52,0,0.0175438596491228,0.258737316798196,0.5),(6,53,0,0.0526315789473684,0.0916009019165727,1.5),(6,54,0,0.0701754385964912,0.120349492671928,2),(6,55,0,0.0175438596491228,0.0372040586245772,0.6),(6,56,0,0.0175438596491228,0.346392333709132,0.5),(6,57,0,0.0175438596491228,0.191939120631342,0.5),(6,58,0,0.0175438596491228,0.376832018038331,0.7),(6,59,1,0.087719298245614,0.0191657271702368,3.5),(6,60,0,0.0701754385964912,0.135287485907554,2),(6,61,0,0.0175438596491228,0.30749718151071,0.5),(6,62,0,0.0350877192982456,0.0459413754227734,1.1),(6,63,0,0.0175438596491228,0.33173618940248,0.5),(6,64,0,0.0526315789473684,0.128523111612176,1.5),(6,65,0,0.0350877192982456,0.280721533258174,1),(6,66,1,0.175438596491228,0.0084554678692221,6.4),(6,67,1,0.0175438596491228,0.372322435174746,0.7),(6,183,0,0.0175438596491228,0.0205749718151071,1),(6,184,1,0.0175438596491228,0.189120631341601,0.5),(7,1,0,0.0131578947368421,0.0117817947062621,1.1),(7,2,0,0.00657894736842105,0.0900581020012911,0.5),(7,3,0,0.0131578947368421,0.268237572627502,1),(7,4,0,0.0328947368421053,0.0355874757908328,2.9),(7,6,0,0.0263157894736842,0.0786797934151065,2),(7,8,0,0.00657894736842105,0.403324725629438,0.7),(7,10,0,0.0197368421052632,0.0697224015493867,1.7),(7,11,0,0.0460526315789474,0.0294544867656553,3.5),(7,12,0,0.0460526315789474,0.0675435765009684,3.5),(7,13,0,0.0131578947368421,0.0553582956746288,1),(7,14,0,0.00657894736842105,0.129438347320852,0.5),(7,15,0,0.00657894736842105,0.394367333763719,0.7),(7,18,0,0.177631578947368,0.0292123950936088,13.5),(7,19,0,0.00657894736842105,0.084974176888315,0.5),(7,20,0,0.0657894736842105,0.0823918657198192,5.4),(7,21,0,0.0197368421052632,0.0339735313105229,1.5),(7,23,0,0.0394736842105263,0.249273724983861,3.6),(7,27,0,0.0131578947368421,0.0343770174306004,1),(7,30,0,0.0263157894736842,0.129519044544868,2.2),(7,32,0,0.0263157894736842,0.0886055519690123,2),(7,34,0,0.0131578947368421,0.0904615881213686,1),(7,35,0,0.0394736842105263,0.0819883795997418,3),(7,36,0,0.0131578947368421,0.0302614590058102,1),(7,38,0,0.0131578947368421,0.0510006455777921,1.2),(7,39,0,0.00657894736842105,0.217317624273725,0.5),(7,40,0,0.0263157894736842,0.123789541639768,2.2),(7,42,0,0.0263157894736842,0.0421239509360878,2),(7,44,0,0.00657894736842105,0.323757262750161,0.5),(7,45,0,0.25,0.0012911555842479,20.7),(7,46,0,0.0131578947368421,0.01307295029051,1.1),(7,47,0,0.0131578947368421,0.228373143963848,1),(7,50,0,0.0789473684210526,0.092156229825694,6.2),(7,52,0,0.0855263157894737,0.216914138153648,6.5),(7,53,0,0.0394736842105263,0.00193673337637185,3.4),(7,54,0,0.0723684210526316,0.0319561007101356,5.5),(7,58,0,0.0131578947368421,0.0468043899289864,1),(7,59,1,0.0263157894736842,0.00669786959328599,2.9),(7,60,0,0.0789473684210526,0.0293737895416398,6),(7,62,0,0.0328947368421053,0.332069076823757,3.1),(7,64,0,0.0526315789473684,0.278244028405423,4.2),(7,68,0,0.00657894736842105,0.255245319561007,0.5),(7,69,0,0.00657894736842105,0.0163815364751453,0.6),(7,70,0,0.00657894736842105,0.372579083279535,0.7),(7,71,0,0.0131578947368421,0.361200774693351,1.2),(7,72,0,0.00657894736842105,0.407117495158167,0.7),(7,73,0,0.00657894736842105,0.0150903808908974,0.6),(7,74,0,0.00657894736842105,0.0363944480309877,0.5),(7,75,0,0.00657894736842105,0.407278889606198,0.7),(7,76,0,0.00657894736842105,0.0309877340219496,0.5),(7,77,0,0.0131578947368421,0.00387346675274371,1.4),(7,78,0,0.00657894736842105,0.00734344738540994,0.6),(7,79,0,0.00657894736842105,0.405422853453841,0.7),(7,80,0,0.00657894736842105,0.039057456423499,0.5),(7,81,0,0.0197368421052632,0.0783570045190446,1.5),(7,82,0,0.00657894736842105,0.0152517753389283,0.6),(7,83,0,0.00657894736842105,0.216429954809555,0.5),(7,84,0,0.00657894736842105,0.385087153001937,0.7),(7,85,0,0.0723684210526316,0.020093608779858,5.8),(7,86,0,0.105263157894737,0.0250161394448031,8.3),(7,87,0,0.00657894736842105,0.329567462879277,0.5),(7,88,0,0.00657894736842105,0.125806972240155,0.5),(7,89,0,0.00657894736842105,0.380568108457069,0.7),(7,90,0,0.00657894736842105,0.000806972240154939,0.5),(7,91,0,0.00657894736842105,0.0342963202065849,0.5),(7,92,0,0.00657894736842105,0.0508392511297611,0.5),(7,93,0,0.00657894736842105,0.411233053582957,0.7),(7,94,0,0.00657894736842105,0.394286636539703,0.7),(7,95,0,0.00657894736842105,0.402114267269206,0.7),(7,96,0,0.00657894736842105,0.340138799225307,0.5),(7,97,0,0.00657894736842105,0.410829567462879,0.7),(7,98,0,0.00657894736842105,0.0351032924467398,0.5),(7,99,0,0.00657894736842105,0.091994835377663,0.5),(7,100,0,0.00657894736842105,0.00944157520981278,0.6),(7,101,0,0.00657894736842105,0.110555196901227,0.5),(7,102,0,0.00657894736842105,0.350145255003228,0.5),(7,103,0,0.00657894736842105,0.379357650096837,0.7),(7,104,0,0.00657894736842105,0.325693996126533,0.5),(7,105,0,0.00657894736842105,0.32270819883796,0.5),(7,106,0,0.00657894736842105,0.347724338282763,0.5),(7,107,0,0.00657894736842105,0.289703034215623,0.5),(7,108,0,0.0328947368421053,0.199483537766301,2.5),(7,109,0,0.00657894736842105,0.322950290510006,0.5),(7,110,0,0.0197368421052632,0.0561652679147837,1.5),(7,111,0,0.00657894736842105,0.0844092963202066,0.5),(7,112,0,0.00657894736842105,0.314073595868302,0.5),(7,113,0,0.00657894736842105,0.151065203357005,0.5),(7,114,0,0.0131578947368421,0.151307295029051,1),(7,115,0,0.00657894736842105,0.344496449322143,0.5),(7,116,0,0.0131578947368421,0.287766300839251,1),(7,117,0,0.00657894736842105,0.332391865719819,0.5),(7,118,0,0.00657894736842105,0.0371207230471272,0.5),(7,119,0,0.0131578947368421,0.33005164622337,1.2),(7,120,0,0.00657894736842105,0.368624919302776,0.7),(7,121,0,0.00657894736842105,0.159861200774693,0.5),(7,122,0,0.00657894736842105,0.430438992898644,0.7),(7,123,0,0.401315789473684,0.00185603615235636,31.3),(7,124,0,0.00657894736842105,0.133876694641704,0.5),(7,125,0,0.0197368421052632,0.164622336991607,1.5),(7,126,0,0.0657894736842105,0.0164622336991608,5.1),(7,127,0,0.00657894736842105,0.0466429954809555,0.5),(7,128,1,0.0131578947368421,0.158812136862492,1.2),(7,129,0,0.0131578947368421,0.213928340865074,1),(7,130,0,0.00657894736842105,0.16099096191091,0.5),(7,131,1,0.0197368421052632,0.00435765009683667,1.7),(7,132,0,0.0131578947368421,0.0227566171723693,1.1),(7,133,0,0.0131578947368421,0.134441575209813,1),(7,134,0,0.00657894736842105,0.405503550677857,0.7),(7,135,0,0.00657894736842105,0.390332472562944,0.7),(7,136,0,0.00657894736842105,0.432859909619109,0.7),(7,137,0,0.0197368421052632,0.331746287927695,1.5),(7,138,1,0.0263157894736842,0.00685926404131698,2.7),(7,139,0,0.00657894736842105,0.398805681084571,0.7),(7,140,1,0.111842105263158,0.0000806972240154939,10.8),(7,141,0,0.0131578947368421,0.33327953518399,1),(7,142,0,0.00657894736842105,0.0198515171078115,0.6),(7,143,0,0.00657894736842105,0.0464816010329245,0.5),(7,144,0,0.00657894736842105,0.04656229825694,0.5),(7,145,0,0.00657894736842105,0.177211103938025,0.5),(7,146,0,0.00657894736842105,0.176162040025823,0.5),(7,147,0,0.00657894736842105,0.0468850871530019,0.5),(7,148,0,0.00657894736842105,0.255164622336992,0.5),(7,149,0,0.0723684210526316,0.216994835377663,5.5),(7,150,0,0.00657894736842105,0.08578114912847,0.5),(7,151,0,0.0592105263157895,0.0102485474499677,4.6),(7,152,0,0.0131578947368421,0.0107327307940607,1.1),(7,153,0,0.00657894736842105,0.413734667527437,0.7),(7,154,0,0.0197368421052632,0.0668979987088444,1.5),(7,155,0,0.0131578947368421,0.227485474499677,1.2),(7,156,0,0.0263157894736842,0.182214331826985,2),(7,157,0,0.00657894736842105,0.052130406714009,0.5),(7,158,1,0.00657894736842105,0.367898644286637,0.7),(7,159,0,0.00657894736842105,0.104664299548096,0.5),(7,160,0,0.00657894736842105,0.393076178179471,0.7),(7,161,0,0.00657894736842105,0.153970303421562,0.5),(7,162,0,0.0394736842105263,0.00589089735313105,3.5),(7,163,0,0.0197368421052632,0.106116849580374,1.5),(7,164,0,0.0131578947368421,0.341107165913493,1),(7,165,0,0.0394736842105263,0.252259522272434,3),(7,166,0,0.00657894736842105,0.390171078114913,0.7),(7,167,0,0.00657894736842105,0.0413169786959329,0.5),(7,168,0,0.00657894736842105,0.0467236927049709,0.5),(7,169,0,0.0328947368421053,0.159780503550678,2.7),(7,170,0,0.00657894736842105,0.000322788896061975,0.5),(7,171,0,0.00657894736842105,0.025661717236927,0.6),(7,172,0,0.00657894736842105,0.43051969012266,0.7),(7,173,0,0.0131578947368421,0.103131052291801,1),(7,174,0,0.0131578947368421,0.11192704970949,1),(7,175,0,0.00657894736842105,0.163169786959329,0.5),(7,176,0,0.0263157894736842,0.165429309231762,2),(7,177,0,0.0131578947368421,0.377663008392511,1.4),(7,178,0,0.00657894736842105,0.107408005164622,0.5),(7,179,1,0.0197368421052632,0.00314719173660426,1.9),(7,180,1,0.00657894736842105,0.00677856681730148,1),(7,181,1,0.177631578947368,0.0650419625564881,13.5),(7,182,1,0.0197368421052632,0.0965945771465462,1.5),(7,183,0,0.00657894736842105,0.006536475145255,1),(8,1,0,0.0526315789473684,0.0132468996617813,1.9),(8,2,0,0.0175438596491228,0.0938556933483653,0.5),(8,3,0,0.0175438596491228,0.246335963923337,0.5),(8,4,0,0.087719298245614,0.325253664036077,2.9),(8,5,0,0.0175438596491228,0.319052987598647,0.5),(8,6,0,0.0175438596491228,0.209413754227734,0.5),(8,7,0,0.0175438596491228,0.408399098083427,0.7),(8,8,0,0.0175438596491228,0.408962795941375,0.7),(8,9,0,0.0175438596491228,0.240135287485908,0.5),(8,10,0,0.087719298245614,0.0634160090191657,2.6),(8,11,0,0.0350877192982456,0.254509582863585,1),(8,12,0,0.0526315789473684,0.196730552423901,1.5),(8,13,0,0.0526315789473684,0.0625704622322435,2),(8,14,0,0.0175438596491228,0.306369785794814,0.5),(8,15,0,0.0526315789473684,0.184329199549042,1.7),(8,16,0,0.0175438596491228,0.314825253664036,0.5),(8,17,0,0.0350877192982456,0.185456595264938,1),(8,18,0,0.0701754385964912,0.0777903043968433,2.1),(8,19,0,0.0350877192982456,0.333709131905299,1),(8,20,0,0.0175438596491228,0.254791431792559,0.5),(8,21,0,0.0175438596491228,0.068771138669673,0.6),(8,22,0,0.0175438596491228,0.226042841037204,0.5),(8,23,0,0.105263157894737,0.00817361894024803,3.3),(8,24,0,0.0175438596491228,0.0386133032694476,0.6),(8,25,0,0.0175438596491228,0.215050732807215,0.5),(8,26,0,0.0175438596491228,0.105129650507328,0.5),(8,27,0,0.0350877192982456,0.0450958286358512,1.1),(8,28,0,0.0175438596491228,0.324971815107103,0.5),(8,29,0,0.0701754385964912,0.103720405862458,2),(8,30,0,0.0175438596491228,0.263246899661781,0.5),(8,31,0,0.0175438596491228,0.29988726042841,0.5),(8,32,0,0.0175438596491228,0.204058624577227,0.5),(8,33,0,0.0701754385964912,0.0935738444193912,2),(8,34,0,0.087719298245614,0.0690529875986471,2.8),(8,35,0,0.0526315789473684,0.0507328072153326,1.6),(8,36,0,0.0701754385964912,0.105411499436302,2),(8,37,0,0.0175438596491228,0.19250281848929,0.5),(8,38,0,0.0350877192982456,0.0448139797068771,1.1),(8,39,0,0.0526315789473684,0.20913190529876,1.5),(8,40,0,0.175438596491228,0.0780721533258174,5.3),(8,41,0,0.0175438596491228,0.419954904171364,0.7),(8,42,0,0.0526315789473684,0.239571589627959,1.5),(8,43,0,0.0175438596491228,0.24379932356257,0.5),(8,44,0,0.0175438596491228,0.203494926719278,0.5),(8,45,1,0.228070175438596,0.00028184892897407,8.3),(8,46,0,0.0526315789473684,0.102593010146561,1.5),(8,47,0,0.0175438596491228,0.101747463359639,0.5),(8,48,0,0.0350877192982456,0.263528748590755,1),(8,49,0,0.0175438596491228,0.385287485907554,0.7),(8,50,0,0.0175438596491228,0.346110484780158,0.5),(8,51,0,0.0350877192982456,0.184047350620068,1),(8,52,0,0.0175438596491228,0.258737316798196,0.5),(8,53,0,0.0526315789473684,0.0916009019165727,1.5),(8,54,0,0.0701754385964912,0.120349492671928,2),(8,55,0,0.0175438596491228,0.0372040586245772,0.6),(8,56,0,0.0175438596491228,0.346392333709132,0.5),(8,57,0,0.0175438596491228,0.191939120631342,0.5),(8,58,0,0.0175438596491228,0.376832018038331,0.7),(8,59,1,0.087719298245614,0.0191657271702368,3.5),(8,60,0,0.0701754385964912,0.135287485907554,2),(8,61,0,0.0175438596491228,0.30749718151071,0.5),(8,62,0,0.0350877192982456,0.0459413754227734,1.1),(8,63,0,0.0175438596491228,0.33173618940248,0.5),(8,64,0,0.0526315789473684,0.128523111612176,1.5),(8,65,0,0.0350877192982456,0.280721533258174,1),(8,66,1,0.175438596491228,0.0084554678692221,6.4),(8,67,1,0.0175438596491228,0.372322435174746,0.7),(8,183,0,0.0175438596491228,0.0205749718151071,1),(9,1,0,0.0128205128205128,0.0117798934968533,1.1),(9,2,0,0.00641025641025641,0.0900435694690979,0.5),(9,3,0,0.0128205128205128,0.268194287558496,1),(9,4,0,0.032051282051282,0.0355817330966597,2.9),(9,6,0,0.0256410256410256,0.0786670969824108,2),(9,8,0,0.00641025641025641,0.403663062772309,0.7),(9,10,0,0.0192307692307692,0.069711150556721,1.7),(9,11,0,0.0448717948717949,0.0294497337421333,3.5),(9,12,0,0.0448717948717949,0.0675326771018235,3.5),(9,13,0,0.0128205128205128,0.0553493625948039,1),(9,14,0,0.00641025641025641,0.12941746006132,0.5),(9,15,0,0.00641025641025641,0.394707116346619,0.7),(9,18,0,0.173076923076923,0.0292076811360336,13.5),(9,19,0,0.00641025641025641,0.0849604647410037,0.5),(9,20,0,0.0641025641025641,0.08237857027594,5.4),(9,21,0,0.0192307692307692,0.0339680490559948,1.5),(9,23,0,0.0384615384615385,0.249233500080684,3.6),(9,27,0,0.0128205128205128,0.034371470066161,1),(9,30,0,0.0256410256410256,0.129498144263353,2.2),(9,32,0,0.0256410256410256,0.0885912538324996,2),(9,34,0,0.0128205128205128,0.0904469904792642,1),(9,35,0,0.0384615384615385,0.0819751492657738,3),(9,36,0,0.0128205128205128,0.0302565757624657,1),(9,38,0,0.0128205128205128,0.0509924156850089,1.2),(9,39,0,0.00641025641025641,0.21728255607552,0.5),(9,40,0,0.0256410256410256,0.123769565918993,2.2),(9,42,0,0.0256410256410256,0.0421171534613523,2),(9,44,0,0.00641025641025641,0.323705018557366,0.5),(9,45,0,0.243589743589744,0.00129094723253187,20.7),(9,46,0,0.0128205128205128,0.0130708407293852,1.1),(9,47,0,0.0128205128205128,0.228336291754075,1),(9,50,0,0.0769230769230769,0.0921413587219622,6.2),(9,52,0,0.0833333333333333,0.216879135065354,6.5),(9,53,0,0.0384615384615385,0.00193642084879781,3.4),(9,54,0,0.0705128205128205,0.0319509440051638,5.5),(9,58,0,0.0128205128205128,0.0467968371792803,1),(9,59,1,0.0256410256410256,0.00669678876875908,2.9),(9,60,0,0.0769230769230769,0.0293690495401,6),(9,62,0,0.032051282051282,0.33201549136679,3.1),(9,64,0,0.0512820512820513,0.278199128610618,4.2),(9,68,0,0.00641025641025641,0.255204131031144,0.5),(9,69,0,0.00641025641025641,0.0163788930127481,0.6),(9,70,0,0.00641025641025641,0.372922381797644,0.6),(9,71,0,0.0128205128205128,0.361142488300791,1.2),(9,72,0,0.00641025641025641,0.407455220267872,0.7),(9,73,0,0.00641025641025641,0.0150879457802162,0.6),(9,74,0,0.00641025641025641,0.0363885751169921,0.5),(9,75,0,0.00641025641025641,0.407616588671938,0.7),(9,76,0,0.00641025641025641,0.0309827335807649,0.5),(9,77,0,0.0128205128205128,0.00387284169759561,1.4),(9,78,0,0.00641025641025641,0.00734226238502501,0.6),(9,79,0,0.00641025641025641,0.405760852025173,0.7),(9,80,0,0.00641025641025641,0.0390511537840891,0.5),(9,81,0,0.0192307692307692,0.0783443601742779,1.5),(9,82,0,0.00641025641025641,0.0152493141842827,0.6),(9,83,0,0.00641025641025641,0.216395029853155,0.5),(9,84,0,0.00641025641025641,0.385428433112797,0.7),(9,85,0,0.0705128205128205,0.0200903663062772,5.8),(9,86,0,0.102564102564103,0.025012102630305,8.3),(9,87,0,0.00641025641025641,0.32951428110376,0.5),(9,88,0,0.00641025641025641,0.125786670969824,0.5),(9,89,0,0.00641025641025641,0.380910117798935,0.7),(9,90,0,0.00641025641025641,0.000806842020332419,0.5),(9,91,0,0.00641025641025641,0.0342907858641278,0.5),(9,92,0,0.00641025641025641,0.0508310472809424,0.5),(9,93,0,0.00641025641025641,0.411570114571567,0.7),(9,94,0,0.00641025641025641,0.394626432144586,0.7),(9,95,0,0.00641025641025641,0.402452799741811,0.7),(9,96,0,0.00641025641025641,0.340083911570115,0.5),(9,97,0,0.00641025641025641,0.411166693561401,0.7),(9,98,0,0.00641025641025641,0.0350976278844602,0.5),(9,99,0,0.00641025641025641,0.0919799903178958,0.5),(9,100,0,0.00641025641025641,0.0094400516378893,0.6),(9,101,0,0.00641025641025641,0.110537356785541,0.5),(9,102,0,0.00641025641025641,0.350088752622237,0.5),(9,103,0,0.00641025641025641,0.379699854768436,0.7),(9,104,0,0.00641025641025641,0.325641439406164,0.5),(9,105,0,0.00641025641025641,0.322656123930934,0.5),(9,106,0,0.00641025641025641,0.347668226561239,0.5),(9,107,0,0.00641025641025641,0.289656285299338,0.5),(9,108,0,0.032051282051282,0.199451347426174,2.5),(9,109,0,0.00641025641025641,0.322898176537034,0.5),(9,110,0,0.0192307692307692,0.0561562046151364,1.5),(9,111,0,0.00641025641025641,0.084395675326771,0.5),(9,112,0,0.00641025641025641,0.314022914313377,0.5),(9,113,0,0.00641025641025641,0.151040826206229,0.5),(9,114,0,0.0128205128205128,0.151282878812329,1),(9,115,0,0.00641025641025641,0.34444085847991,0.5),(9,116,0,0.0128205128205128,0.287719864450541,1),(9,117,0,0.00641025641025641,0.332338228174923,0.5),(9,118,0,0.00641025641025641,0.0371147329352913,0.5),(9,119,0,0.0128205128205128,0.329998386315959,1.2),(9,120,0,0.00641025641025641,0.368565434887849,0.7),(9,121,0,0.00641025641025641,0.159835404227852,0.5),(9,122,0,0.00641025641025641,0.430772954655478,0.7),(9,123,0,0.391025641025641,0.00185573664676456,31.3),(9,124,0,0.00641025641025641,0.133855091173148,0.5),(9,125,0,0.0192307692307692,0.164595772147813,1.5),(9,126,0,0.0641025641025641,0.0164595772147813,5.1),(9,127,0,0.00641025641025641,0.0466354687752138,0.5),(9,128,1,0.0128205128205128,0.15878650960142,1.2),(9,129,0,0.0128205128205128,0.213893819590124,1),(9,130,0,0.00641025641025641,0.160964983056318,0.5),(9,131,1,0.0192307692307692,0.00435694690979506,1.7),(9,132,0,0.0128205128205128,0.0227529449733742,1.1),(9,133,0,0.0128205128205128,0.134419880587381,1),(9,134,0,0.00641025641025641,0.405841536227207,0.7),(9,135,0,0.00641025641025641,0.390672906244957,0.7),(9,136,0,0.00641025641025641,0.433193480716476,0.7),(9,137,0,0.0192307692307692,0.331692754558657,1.5),(9,138,1,0.0256410256410256,0.00685815717282556,2.7),(9,139,0,0.00641025641025641,0.399144747458448,0.7),(9,140,1,0.108974358974359,0.0000806842020332419,10.8),(9,141,0,0.0128205128205128,0.333225754397289,1),(9,142,0,0.00641025641025641,0.0198483137001775,0.6),(9,143,0,0.00641025641025641,0.0464741003711473,0.5),(9,144,0,0.00641025641025641,0.0465547845731806,0.5),(9,145,0,0.00641025641025641,0.177182507664999,0.5),(9,146,0,0.00641025641025641,0.176133613038567,0.5),(9,147,0,0.00641025641025641,0.0468775213813135,0.5),(9,148,0,0.00641025641025641,0.255123446829111,0.5),(9,149,0,0.0705128205128205,0.216959819267387,5.5),(9,150,0,0.00641025641025641,0.0857673067613361,0.5),(9,151,0,0.0576923076923077,0.0102468936582217,4.6),(9,152,0,0.0128205128205128,0.0107309988704212,1.1),(9,153,0,0.00641025641025641,0.414071324834597,0.7),(9,154,0,0.0192307692307692,0.0668872034855575,1.5),(9,155,0,0.0128205128205128,0.227448765531709,1.2),(9,156,0,0.0256410256410256,0.18218492819106,2),(9,157,0,0.00641025641025641,0.0521219945134743,0.5),(9,158,1,0.00641025641025641,0.36783927706955,0.7),(9,159,0,0.00641025641025641,0.104647410037115,0.5),(9,160,0,0.00641025641025641,0.393416169114087,0.7),(9,161,0,0.00641025641025641,0.153945457479426,0.5),(9,162,0,0.0384615384615385,0.00588994674842666,3.5),(9,163,0,0.0192307692307692,0.106099725673713,1.5),(9,164,0,0.0128205128205128,0.341052121994513,1),(9,165,0,0.0384615384615385,0.252218815555914,3),(9,166,0,0.00641025641025641,0.390511537840891,0.7),(9,167,0,0.00641025641025641,0.0413103114410198,0.5),(9,168,0,0.00641025641025641,0.0467161529772471,0.5),(9,169,0,0.032051282051282,0.159754720025819,2.7),(9,170,0,0.00641025641025641,0.000322736808132968,0.5),(9,171,0,0.00641025641025641,0.0256575762465709,0.6),(9,172,0,0.00641025641025641,0.430853638857512,0.7),(9,173,0,0.0128205128205128,0.103114410198483,1),(9,174,0,0.0128205128205128,0.111908988220107,1),(9,175,0,0.00641025641025641,0.163143456511215,0.5),(9,176,0,0.0256410256410256,0.165402614168146,2),(9,177,0,0.0128205128205128,0.378005486525738,1.4),(9,178,0,0.00641025641025641,0.107390672906245,0.5),(9,179,1,0.0192307692307692,0.00314668387929643,1.9),(9,180,1,0.00641025641025641,0.00677747297079232,1),(9,181,1,0.173076923076923,0.065031466838793,13.5),(9,182,1,0.0192307692307692,0.0965789898337905,1.5),(9,183,0,0.00641025641025641,0.00653542036469259,1),(10,1,0,0.0112359550561798,0.0198318886262149,0.6),(10,4,0,0.0112359550561798,0.0156291042815866,0.6),(10,6,0,0.0561797752808989,0.0353296558970318,2.8),(10,10,0,0.0561797752808989,0.0999474651956921,2.7),(10,11,0,0.0561797752808989,0.180982400840557,2.5),(10,13,0,0.0224719101123596,0.109403729971106,1),(10,18,0,0.0561797752808989,0.0411084843708957,2.6),(10,19,0,0.0337078651685393,0.0296821644339375,1.7),(10,21,0,0.0224719101123596,0.260572629366956,1),(10,22,0,0.0337078651685393,0.00170738114000525,2),(10,23,0,0.0224719101123596,0.170738114000525,1),(10,27,0,0.0224719101123596,0.0133963750985028,1.1),(10,30,0,0.0337078651685393,0.288284738639349,1.5),(10,31,0,0.0449438202247191,0.192934068820594,2),(10,32,0,0.0337078651685393,0.168636721828211,1.5),(10,34,0,0.0112359550561798,0.181245074862096,0.5),(10,35,0,0.0337078651685393,0.0109009718938797,1.6),(10,40,0,0.0224719101123596,0.330049908064092,1),(10,42,0,0.0224719101123596,0.0807722616233255,1),(10,45,1,0.471910112359551,0.00315208825847124,23.7),(10,46,0,0.0224719101123596,0.15103756238508,1),(10,47,0,0.0337078651685393,0.0189125295508274,1.7),(10,48,0,0.0337078651685393,0.203441029682164,1.7),(10,54,0,0.0224719101123596,0.181113737851327,1),(10,56,0,0.0112359550561798,0.379169950091936,0.7),(10,57,0,0.0112359550561798,0.175728920409771,0.5),(10,58,0,0.101123595505618,0.0449172576832151,4.6),(10,59,1,0.0561797752808989,0.0101129498292619,3.5),(10,60,0,0.292134831460674,0.00420278434462832,13.8),(10,61,0,0.0112359550561798,0.296033622274757,0.5),(10,64,0,0.0674157303370787,0.0612030470186499,3),(10,69,0,0.0112359550561798,0.428421329130549,0.5),(10,73,0,0.0112359550561798,0.354609929078014,0.5),(10,74,0,0.0112359550561798,0.0383504071447334,0.6),(10,80,0,0.0674157303370787,0.186761229314421,3),(10,85,0,0.0112359550561798,0.0657998423955871,0.5),(10,87,0,0.0224719101123596,0.0668505384817442,1),(10,88,0,0.0112359550561798,0.384686104544261,0.7),(10,90,0,0.0224719101123596,0.394930391384292,1.2),(10,97,0,0.0224719101123596,0.413448909902811,1.2),(10,98,0,0.0112359550561798,0.153401628578934,0.5),(10,99,0,0.0561797752808989,0.0169424743892829,2.7),(10,100,0,0.0224719101123596,0.0170738114000525,1.2),(10,106,0,0.0112359550561798,0.00879957972156554,0.7),(10,110,0,0.0112359550561798,0.28789072760704,0.5),(10,111,0,0.0112359550561798,0.0911478854741266,0.5),(10,117,0,0.0224719101123596,0.400971893879695,1.4),(10,120,0,0.0224719101123596,0.105988967691095,1.2),(10,126,0,0.0112359550561798,0.417651694247439,0.7),(10,129,0,0.0112359550561798,0.0921985815602837,0.5),(10,142,0,0.0112359550561798,0.0994221171526136,0.5),(10,148,0,0.0224719101123596,0.0961386918833727,1.2),(10,152,0,0.0224719101123596,0.174546887312845,1),(10,153,0,0.0112359550561798,0.203572366692934,0.5),(10,166,0,0.0112359550561798,0.102442868400315,0.5),(10,167,0,0.0224719101123596,0.0450485946939848,1.1),(10,168,0,0.0112359550561798,0.275282374573155,0.5),(10,176,0,0.0224719101123596,0.0953506698187549,1.2),(10,177,0,0.0112359550561798,0.418045705279748,0.7),(10,183,0,0.0112359550561798,0.00971893879695298,1),(10,185,0,0.0337078651685393,0.421985815602837,1.5),(10,186,0,0.0112359550561798,0.106382978723404,0.5),(10,187,0,0.0112359550561798,0.0225899658523772,0.6),(10,188,0,0.0561797752808989,0.210270554242185,2.5),(10,189,0,0.0112359550561798,0.0106382978723404,0.6),(10,190,0,0.0224719101123596,0.0086682427107959,1.2),(10,191,0,0.0112359550561798,0.36327817178881,0.5),(10,192,0,0.0112359550561798,0.351195166798004,0.5),(10,193,0,0.0224719101123596,0.382847386393486,1.4),(10,194,0,0.0449438202247191,0.0533228263724718,2),(10,195,0,0.0112359550561798,0.333858681376412,0.5),(10,196,0,0.0224719101123596,0.101523509324928,1),(10,197,0,0.0112359550561798,0.1224060940373,0.5),(10,198,0,0.112359550561798,0.0379563961124245,5.3),(10,199,1,0.112359550561798,0.00985027580772262,6.4),(10,200,0,0.0224719101123596,0.375098502758077,1.4),(10,201,0,0.0224719101123596,0.161544523246651,1.2),(10,202,0,0.0112359550561798,0.371946414499606,0.7),(10,203,0,0.0112359550561798,0.329918571053323,0.5),(10,204,0,0.0112359550561798,0.0770948253217757,0.5),(10,205,0,0.0224719101123596,0.0742054110848437,1),(10,206,0,0.0112359550561798,0.152219595482007,0.5),(10,207,0,0.0224719101123596,0.0706593117940636,1),(10,208,1,0.0224719101123596,0.00998161281849225,1.7),(10,209,1,0.247191011235955,0.0986340950879958,11.8),(10,210,1,0.101123595505618,0.110979774100341,5.1),(10,211,1,0.0561797752808989,0.113606514315734,2.5),(10,212,1,0.0449438202247191,0.254531126871552,2),(11,1,0,0.0210526315789474,0.0144122243445043,1.1),(11,4,0,0.0526315789473684,0.00781385657232158,3.4),(11,6,0,0.126315789473684,0.0210974127452683,6.5),(11,10,0,0.0315789473684211,0.222694912311165,1.7),(11,11,0,0.0210526315789474,0.316461191179024,1),(11,12,0,0.0210526315789474,0.153932974474735,1),(11,18,0,0.136842105263158,0.0423684667476993,6.6),(11,19,0,0.157894736842105,0.057648897378017,7.9),(11,21,0,0.0526315789473684,0.183365167563813,2.5),(11,26,0,0.0210526315789474,0.406667824275048,1.2),(11,27,0,0.0105263157894737,0.0548706372634138,0.5),(11,30,0,0.0526315789473684,0.0201423858308734,2.7),(11,31,0,0.147368421052632,0.00251779822885918,7.4),(11,32,0,0.0736842105263158,0.0461017537766973,4),(11,34,0,0.0736842105263158,0.0042542108004862,3.7),(11,35,0,0.0526315789473684,0.0274353186317069,2.7),(11,40,0,0.126315789473684,0.00981073102969265,6.4),(11,42,0,0.0105263157894737,0.0362910227470047,0.6),(11,45,1,0.0842105263157895,0.0000868206285813509,6),(11,47,0,0.0210526315789474,0.0760548706372634,1.2),(11,53,0,0.0105263157894737,0.0289980899461712,0.6),(11,54,0,0.0526315789473684,0.0044278520576489,2.8),(11,56,0,0.0210526315789474,0.376367424900156,1),(11,58,0,0.0315789473684211,0.109046709498177,1.5),(11,59,1,0.0842105263157895,0.00928980725820455,5.6),(11,60,0,0.273684210526316,0.00416739017190484,13.2),(11,61,0,0.0105263157894737,0.00434103142906755,0.7),(11,62,0,0.0842105263157895,0.131880534815072,4.4),(11,64,0,0.0210526315789474,0.0550442785205765,1),(11,71,0,0.136842105263158,0.0090293453724605,7.3),(11,80,0,0.0526315789473684,0.141691265844765,2.5),(11,81,0,0.0105263157894737,0.368987671470741,0.5),(11,85,0,0.0210526315789474,0.408317416218093,1.2),(11,87,0,0.0631578947368421,0.00659836777218267,3.8),(11,88,0,0.252631578947368,0.0114603229727383,12.5),(11,96,0,0.0105263157894737,0.027956242403195,0.6),(11,98,0,0.0736842105263158,0.263413787115819,3.5),(11,99,0,0.0105263157894737,0.203768015280431,0.5),(11,104,0,0.0315789473684211,0.107136655669387,1.5),(11,110,0,0.0210526315789474,0.155235283903455,1.2),(11,119,0,0.0105263157894737,0.0296058343462407,0.6),(11,120,0,0.0105263157894737,0.0220524396596631,0.6),(11,123,0,0.0631578947368421,0.0577357180065984,3),(11,124,0,0.0105263157894737,0.0115471436013197,0.6),(11,133,0,0.126315789473684,0.073971175551311,6.4),(11,148,0,0.0315789473684211,0.404150026046189,1.9),(11,149,0,0.0210526315789474,0.241274526827574,1),(11,151,0,0.0210526315789474,0.277565549574579,1),(11,156,0,0.0421052631578947,0.386351797187012,2.2),(11,162,0,0.0105263157894737,0.0127626324014586,0.6),(11,165,0,0.0105263157894737,0.0270880361173815,0.6),(11,168,0,0.0210526315789474,0.101406494183018,1),(11,169,0,0.0315789473684211,0.0276957805174509,1.7),(11,170,0,0.0105263157894737,0.0271748567459628,0.6),(11,175,0,0.0210526315789474,0.230682410140649,1),(11,183,0,0.147368421052632,0.00876888348671644,7.5),(11,186,0,0.0210526315789474,0.197169647508248,1.2),(11,187,0,0.0210526315789474,0.281559298489321,1),(11,189,0,0.0105263157894737,0.0270012154888001,0.6),(11,195,0,0.0315789473684211,0.0685014759506859,1.9),(11,202,0,0.0210526315789474,0.198819239451294,1.2),(11,206,0,0.0210526315789474,0.0579961798923424,1),(11,213,0,0.0315789473684211,0.348150720611217,1.5),(11,214,0,0.0105263157894737,0.432366730335128,0.7),(11,215,0,0.0526315789473684,0.0405452335474909,2.6),(11,216,0,0.0421052631578947,0.312641083521445,2.4),(11,217,0,0.0105263157894737,0.478381663483244,0.7),(11,218,1,0.0736842105263158,0.0092029866296232,4.7),(11,219,0,0.0105263157894737,0.358829657926723,0.5),(11,220,0,0.0210526315789474,0.0606007987497829,1),(11,221,0,0.210526315789474,0.0942872026393471,10),(11,222,0,0.0947368421052632,0.0471436013196736,5),(11,223,0,0.0105263157894737,0.314030213578746,0.5),(11,224,0,0.0105263157894737,0.0243097760027783,0.6),(11,225,0,0.0105263157894737,0.40684146553221,0.5),(11,226,0,0.0105263157894737,0.408491057475256,0.5),(11,227,0,0.0105263157894737,0.0124153498871332,0.6),(11,228,0,0.0315789473684211,0.112693175898594,1.5),(11,229,0,0.0105263157894737,0.198906060079875,0.5),(11,230,0,0.0105263157894737,0.357614169126585,0.5),(11,231,0,0.0105263157894737,0.356832783469352,0.5),(11,232,0,0.0105263157894737,0.0889911442958847,0.5),(11,233,0,0.0105263157894737,0.0603403368640389,0.5),(11,234,0,0.0315789473684211,0.0705851710366383,1.5),(11,235,0,0.0105263157894737,0.478208022226081,0.7),(11,236,0,0.0105263157894737,0.0207501302309429,0.6),(11,237,0,0.0105263157894737,0.0275221392602882,0.6),(11,238,0,0.0842105263157895,0.170168432019448,4),(11,239,0,0.0105263157894737,0.0309081437749609,0.6),(11,240,0,0.0421052631578947,0.150633790588644,2),(11,241,0,0.0631578947368421,0.315072061121723,3),(11,242,0,0.136842105263158,0.00798749782948428,6.7),(11,243,0,0.0105263157894737,0.365080743184581,0.5),(11,244,1,0.115789473684211,0.00885570411529779,6.2),(11,245,0,0.0105263157894737,0.426028824448689,0.7),(11,246,0,0.0210526315789474,0.218353880882098,1),(11,247,0,0.0210526315789474,0.0472304219482549,1.3),(11,248,0,0.0105263157894737,0.414568501475951,0.5),(11,249,0,0.252631578947368,0.00269143948602188,13.2),(11,250,0,0.0210526315789474,0.314117034207328,1),(11,251,0,0.0105263157894737,0.0538287897204376,0.5),(11,252,0,0.0315789473684211,0.412484806389998,1.7),(11,253,0,0.0210526315789474,0.0295190137176593,1.2),(11,254,1,0.0631578947368421,0.00373328702899809,3.2),(11,255,1,0.0631578947368421,0.00833478034380969,4),(11,256,1,0.0105263157894737,0.00946344851536725,1);
/*!40000 ALTER TABLE `document_terms_relationship` ENABLE KEYS */;
UNLOCK TABLES;

--
-- Table structure for table `document_type`
--

DROP TABLE IF EXISTS `document_type`;
/*!40101 SET @saved_cs_client     = @@character_set_client */;
/*!40101 SET character_set_client = utf8 */;
CREATE TABLE `document_type` (
  `id_type` int(11) NOT NULL,
  `name` varchar(200) NOT NULL,
  PRIMARY KEY (`id_type`)
) ENGINE=InnoDB DEFAULT CHARSET=utf8;
/*!40101 SET character_set_client = @saved_cs_client */;

--
-- Dumping data for table `document_type`
--

LOCK TABLES `document_type` WRITE;
/*!40000 ALTER TABLE `document_type` DISABLE KEYS */;
INSERT INTO `document_type` (`id_type`, `name`) VALUES (1,'paper');
/*!40000 ALTER TABLE `document_type` ENABLE KEYS */;
UNLOCK TABLES;

--
-- Table structure for table `keyphrase_assignment_probability`
--

DROP TABLE IF EXISTS `keyphrase_assignment_probability`;
/*!40101 SET @saved_cs_client     = @@character_set_client */;
/*!40101 SET character_set_client = utf8 */;
CREATE TABLE `keyphrase_assignment_probability` (
  `label` varchar(45) NOT NULL,
  `terms_amount` int(11) NOT NULL,
  `mean_tfidf` double NOT NULL,
  `variance_tfidf` double NOT NULL,
  `mean_occurence_first_posstion` double NOT NULL,
  `variance_occurence_first_posstion` double NOT NULL,
  `mean_occurence_posstion_weight` double NOT NULL,
  `variance_occurence_posstion_weight` double NOT NULL,
  `mean_length_term` double NOT NULL,
  `variance_length_term` double NOT NULL,
  `mean_node_degree` double NOT NULL,
  `variance_node_degree` double NOT NULL,
  PRIMARY KEY (`label`)
) ENGINE=InnoDB DEFAULT CHARSET=utf8;
/*!40101 SET character_set_client = @saved_cs_client */;

--
-- Dumping data for table `keyphrase_assignment_probability`
--

LOCK TABLES `keyphrase_assignment_probability` WRITE;
/*!40000 ALTER TABLE `keyphrase_assignment_probability` DISABLE KEYS */;
INSERT INTO `keyphrase_assignment_probability` (`label`, `terms_amount`, `mean_tfidf`, `variance_tfidf`, `mean_occurence_first_posstion`, `variance_occurence_first_posstion`, `mean_occurence_posstion_weight`, `variance_occurence_posstion_weight`, `mean_length_term`, `variance_length_term`, `mean_node_degree`, `variance_node_degree`) VALUES ('IsKeyphrase',56,0.0305444475418095,0.00233890173506563,0.103811075708926,0.0199671479607576,3.63392857142857,13.4510097402597,1.76785714285714,0.363311688311688,0.669642857142857,0.94831987012987),('IsNotKeyphrase',818,0.00853389664852284,0.000836700527474474,0.182195130957467,0.0172606333472677,1.46356968215159,6.55196374116048,1.11735941320293,0.118400852304184,0.357689486552567,0.732388657441361);
/*!40000 ALTER TABLE `keyphrase_assignment_probability` ENABLE KEYS */;
UNLOCK TABLES;

--
-- Table structure for table `subject`
--

DROP TABLE IF EXISTS `subject`;
/*!40101 SET @saved_cs_client     = @@character_set_client */;
/*!40101 SET character_set_client = utf8 */;
CREATE TABLE `subject` (
  `idSubject` int(11) NOT NULL AUTO_INCREMENT,
  `Description` varchar(500) CHARACTER SET utf8 COLLATE utf8_unicode_ci NOT NULL,
  `DirectoryName` varchar(500) NOT NULL,
  `idPredecessor` int(11) NOT NULL,
  PRIMARY KEY (`idSubject`)
) ENGINE=InnoDB AUTO_INCREMENT=215 DEFAULT CHARSET=utf8;
/*!40101 SET character_set_client = @saved_cs_client */;

--
-- Dumping data for table `subject`
--

LOCK TABLES `subject` WRITE;
/*!40000 ALTER TABLE `subject` DISABLE KEYS */;
INSERT INTO `subject` (`idSubject`, `Description`, `DirectoryName`, `idPredecessor`) VALUES (1,'root','',0),(106,'Cong_nghe_Phan_mem','Cong_nghe_Phan_mem',1),(107,'Ky_thuat_Phan_mem','Ky_thuat_Phan_mem',106),(108,'Phat_trien_phan_mem_','Phat_trien_phan_mem_ma_nguon_mo',107),(109,'Phan_tich_thiet_ke_h','Phan_tich_thiet_ke_he_thong_thong_tin',107),(110,'Phuong_phap_mo_hinh_','Phuong_phap_mo_hinh_hoa',107),(111,'Phat_trien_van_hanh_','Phat_trien_van_hanh_bao_tri_phan_mem',107),(112,'Quan_ly_du_an_Cong_n','Quan_ly_du_an_Cong_nghe_thong_tin',107),(113,'Xu_ly_phan_bo','Xu_ly_phan_bo',107),(114,'Cac_phuong_phap_lap_','Cac_phuong_phap_lap_trinh',107),(115,'Nhap_mon_Cong_nghe_p','Nhap_mon_Cong_nghe_phan_mem',107),(116,'Phat_trien_phan_mem_','Phat_trien_phan_mem_huong_doi_tuong',107),(117,'Dac_ta_hinh_thuc','Dac_ta_hinh_thuc',107),(118,'Kiem_chung_phan_mem','Kiem_chung_phan_mem',107),(119,'Phan_mem_Game','Phan_mem_Game',106),(120,'Nhap_mon_phat_trien_','Nhap_mon_phat_trien_game',119),(121,'Phan_mem_nhung','Phan_mem_nhung',106),(122,'Lap_trinh_nhung_can_','Lap_trinh_nhung_can_ban',121),(123,'He_thong_thong_tin','He_thong_thong_tin',1),(124,'He_thong_thong_tin_D','He_thong_thong_tin_Dia_ly',123),(125,'Nhap_mon_He_thong_th','Nhap_mon_He_thong_thong_tin_dia_ly',124),(126,'Phan_tich_du_lieu','Phan_tich_du_lieu',123),(127,'He_quan_tri_co_so_du','He_quan_tri_co_so_du_lieu_oracle',126),(128,'Phat_trien_ung_dung_','Phat_trien_ung_dung_web',126),(129,'Phan_tich_thiet_ke_h','Phan_tich_thiet_ke_he_thong_thong_tin',126),(130,'Khai_thac_du_lieu','Khai_thac_du_lieu',126),(131,'Nhap_mon_Cong_nghe_p','Nhap_mon_Cong_nghe_phan_mem',126),(132,'Thiet_ke_co_so_du_li','Thiet_ke_co_so_du_lieu',126),(133,'Phan_tich_thiet_ke_h','Phan_tich_thiet_ke_huong_doi_tuong_voi_UML',126),(134,'Lap_trinh_ung_dung_w','Lap_trinh_ung_dung_web_voi_java',126),(135,'He_quan_tri_co_so_du','He_quan_tri_co_so_du_lieu',126),(136,'Lap_trinh_co_so_du_l','Lap_trinh_co_so_du_lieu',126),(137,'Cac_he_co_so_tri_thu','Cac_he_co_so_tri_thuc',126),(138,'He_thong_thong_tin_q','He_thong_thong_tin_quan_ly',123),(139,'Quan_ly_du_an_cong_n','Quan_ly_du_an_cong_nghe_thong_tin',138),(140,'He_thong_thong_tin_k','He_thong_thong_tin_ke_toan',138),(141,'Khoa_hoc_may_tinh','Khoa_hoc_may_tinh',1),(142,'Xu_ly_ngon_ngu_tu_nh','Xu_ly_ngon_ngu_tu_nhien',141),(143,'May_hoc','May_hoc',142),(144,'Nguyen_ly_ngon_ngu_l','Nguyen_ly_ngon_ngu_lap_trinh',142),(145,'Co_so_nganh','Co_so_nganh',141),(146,'Phan_tich_va_Thiet_k','Phan_tich_va_Thiet_ke_thuat_toan',145),(147,'Ly_thuyet_thong_tin','Ly_thuyet_thong_tin',145),(148,'Co_so_lap_trinh','Co_so_lap_trinh',145),(149,'Cau_truc_du_lieu_va_','Cau_truc_du_lieu_va_Giai_thuat',145),(150,'Tinh_toan_mem','Tinh_toan_mem',141),(151,'Cong_nghe_tri_thuc','Cong_nghe_tri_thuc',141),(152,'Tri_tue_nhan_tao','Tri_tue_nhan_tao',151),(153,'Cac_he_co_so_tri_thu','Cac_he_co_so_tri_thuc',151),(154,'Do_hoa_may_tinh','Do_hoa_may_tinh',141),(155,'Do_hoa_may_tinh','Do_hoa_may_tinh',154),(156,'Dai_cuong','Dai_cuong',1),(157,'Tin','Tin',156),(158,'Mang_may_tinh','Mang_may_tinh',157),(159,'Tin_hoc_dai_cuong','Tin_hoc_dai_cuong',157),(160,'Lap_trinh_huong_doi_','Lap_trinh_huong_doi_tuong',157),(161,'Lap_trinh_tren_Windo','Lap_trinh_tren_Window',157),(162,'Co_so_du_lieu','Co_so_du_lieu',157),(163,'Kien_truc_may_tinh','Kien_truc_may_tinh',157),(164,'He_dieu_hanh','He_dieu_hanh',157),(165,'Cau_truc_du_lieu_va_','Cau_truc_du_lieu_va_Giai_thuat',157),(166,'Toan','Toan',156),(167,'Xac_suat_thong_ke','Xac_suat_thong_ke',166),(168,'Cau_truc_roi_rac','Cau_truc_roi_rac',166),(169,'Vat_Ly','Vat_Ly',156),(170,'Ky_thuat_May_tinh','Ky_thuat_May_tinh',1),(171,'He_thong_nhung','He_thong_nhung',170),(172,'Lap_trinh_tren_thiet','Lap_trinh_tren_thiet_bi_di_dong',171),(173,'Lap_trinh_nhung_can_','Lap_trinh_nhung_can_ban',171),(174,'He_thong_chung_thuc_','He_thong_chung_thuc_so',171),(175,'Lap_trinh_he_thong_v','Lap_trinh_he_thong_voi_Java',171),(176,'He_thong_thoi_gian_t','He_thong_thoi_gian_thuc',171),(177,'He_thong_nhung','He_thong_nhung',171),(178,'Xu_ly_song_song_va_h','Xu_ly_song_song_va_he_thong_phan_tan',171),(179,'Kien_truc_may_tinh','Kien_truc_may_tinh',171),(180,'He_thong_so','He_thong_so',171),(181,'He_dieu_hanh','He_dieu_hanh',171),(182,'Vat_ly_dien_tu_Thiet','Vat_ly_dien_tu_Thiet_ke_vi_mach',170),(183,'Thiet_ke_mach','Thiet_ke_mach',182),(184,'Xu_ly_tin_hieu_so','Xu_ly_tin_hieu_so',182),(185,'Thiet_ke_mach_in','Thiet_ke_mach_in',182),(186,'Thiet_ke_vi_mach','Thiet_ke_vi_mach',182),(187,'Thiet_ke_vi_mach_voi','Thiet_ke_vi_mach_voi_HDL',182),(188,'Cac_thiet_bi_va_mach','Cac_thiet_bi_va_mach_dien_tu',182),(189,'Vi_xu_ly_Vi_dieu_khi','Vi_xu_ly_Vi_dieu_khien',182),(190,'DAMH_Thiet_ke_mach','DAMH_Thiet_ke_mach',182),(191,'Ly_thuyet_mach_dien','Ly_thuyet_mach_dien',182),(192,'Robotics_Mechatronic','Robotics_Mechatronics',170),(193,'Dieu_khien_tu_dong_n','Dieu_khien_tu_dong_nang_cao',192),(194,'Logic_mo','Logic_mo',192),(195,'Robot_cong_nghiep','Robot_cong_nghiep',192),(196,'Trinh_bien_dich','Trinh_bien_dich',192),(197,'Mang_may_tinh_va_Tru','Mang_may_tinh_va_Truyen_thong',1),(198,'Lap_trinh_mang','Lap_trinh_mang',197),(199,'Lap_trinh_mang_can_b','Lap_trinh_mang_can_ban',198),(200,'Lap_trinh_ung_dung_M','Lap_trinh_ung_dung_Mang',198),(201,'Quan_tri_va_bao_mat_','Quan_tri_va_bao_mat_mang',197),(202,'An_toan_mang_may_tin','An_toan_mang_may_tinh',201),(203,'He_dieu_hanh_Linux','He_dieu_hanh_Linux',201),(204,'Phan_tich_va_thiet_k','Phan_tich_va_thiet_ke_He_thong',201),(205,'Truyen_thong_mang','Truyen_thong_mang',197),(206,'Tin_hieu_va_mach','Tin_hieu_va_mach',205),(207,'Thiet_bi_mang_va_tru','Thiet_bi_mang_va_truyen_thong_da_phuong_tien',205),(208,'Xu_ly_tin_hieu_so','Xu_ly_tin_hieu_so',205),(209,'Truyen_du_lieu','Truyen_du_lieu',205),(210,'Ly_thuyet_thong_tin','Ly_thuyet_thong_tin',205),(211,'Mang_truyen_thong_va','Mang_truyen_thong_va_di_dong',205),(212,'Dien_tu_cho_cong_ngh','Dien_tu_cho_cong_nghe_thong_tin',205),(213,'Cong_nghe_mang_vien_','Cong_nghe_mang_vien_thong',205),(214,'C s ngnh H thng','co_so_nganh',123);
/*!40000 ALTER TABLE `subject` ENABLE KEYS */;
UNLOCK TABLES;
/*!40103 SET TIME_ZONE=@OLD_TIME_ZONE */;

/*!40101 SET SQL_MODE=@OLD_SQL_MODE */;
/*!40014 SET FOREIGN_KEY_CHECKS=@OLD_FOREIGN_KEY_CHECKS */;
/*!40014 SET UNIQUE_CHECKS=@OLD_UNIQUE_CHECKS */;
/*!40101 SET CHARACTER_SET_CLIENT=@OLD_CHARACTER_SET_CLIENT */;
/*!40101 SET CHARACTER_SET_RESULTS=@OLD_CHARACTER_SET_RESULTS */;
/*!40101 SET COLLATION_CONNECTION=@OLD_COLLATION_CONNECTION */;
/*!40111 SET SQL_NOTES=@OLD_SQL_NOTES */;

-- Dump completed on 2015-09-03 22:48:17
