"id_rel";"id_keyphrase1";"id_keyphrase2";"id_relationship"
1;7;2813;5
2;11;34;5
3;13;5384;5
4;6723;5256;4
5;23;5589;5
6;25;61;1
7;27;796;5
8;35;2540;5
9;38;6055;5
10;43;6328;5
11;6729;1360;4
12;54;1107;5
13;56;1127;5
14;57;2060;5
15;61;25;1
16;6732;6986;1
17;65;3074;5
18;69;1712;5
19;86;5640;5
20;87;5641;5
21;91;796;5
22;93;2191;5
23;7352;372;1
24;7353;1539;1
25;108;114;1
26;114;108;1
27;118;6001;5
28;119;105;5
29;7081;7111;5
30;7081;379;4
31;7081;7111;4
32;127;3128;5
33;127;7082;4
34;127;7108;4
35;127;4086;4
36;127;5726;4
37;127;7081;4
38;127;3128;4
39;7082;7108;1
40;7082;4086;4
41;7082;5726;4
42;7082;3128;4
43;7082;7081;4
44;139;504;5
45;145;6335;5
46;150;5539;5
47;156;815;5
48;157;156;5
49;158;156;5
50;159;4174;5
51;163;3217;5
52;168;1107;5
53;168;4894;5
54;7244;168;5
55;7244;7245;4
56;172;4647;5
57;174;4647;5
58;185;5844;5
59;188;6235;5
60;191;6235;5
61;193;5552;5
62;194;292;1
63;196;126;5
64;6737;6812;4
65;6737;6863;1
66;6737;4481;4
67;6737;6945;4
68;6737;6946;4
69;6737;6952;4
70;6737;6953;4
71;6737;6997;4
72;6737;7028;4
73;6737;7051;4
74;6737;7058;4
75;6737;7059;4
76;6737;7061;4
77;6737;7062;4
78;6737;7065;4
79;210;326;1
80;216;3100;5
81;6739;1545;4
82;6739;6799;4
83;222;1696;5
84;223;796;5
85;224;1696;5
86;238;6042;5
87;246;6478;5
88;258;1568;4
89;6741;6812;4
90;6741;2905;1
91;6741;6945;4
92;6741;6997;4
93;6741;7015;4
94;6741;7051;4
95;6741;7058;4
96;263;43;5
97;263;189;5
98;263;1625;5
99;263;2179;5
100;263;2196;5
101;263;2310;5
102;263;3941;5
103;263;4591;5
104;263;6075;5
105;7246;168;5
106;276;2339;5
107;6742;1950;4
108;6742;7229;1
109;292;194;1
110;293;1995;5
111;7344;6495;1
112;308;691;1
113;311;992;5
114;314;582;5
115;315;1170;5
116;315;1170;4
117;7083;7081;4
118;7083;3128;4
119;7084;6671;4
120;326;210;1
121;333;4483;5
122;349;2293;4
123;352;2533;5
124;367;3011;5
125;369;4486;5
126;372;7352;1
127;376;2060;5
128;377;315;4
129;377;7089;4
130;384;7354;1
131;7354;384;1
132;390;261;5
133;391;4600;5
134;395;5457;5
135;398;399;5
136;400;399;5
137;401;1712;5
138;402;1712;5
139;403;406;5
140;405;5552;5
141;412;6328;5
142;418;2512;5
143;421;320;5
144;423;3538;5
145;425;3557;5
146;427;1923;5
147;428;6335;5
148;433;2540;5
149;438;5793;5
150;445;2491;5
151;446;4154;5
152;448;171;5
153;453;5289;5
154;458;550;5
155;458;7358;5
156;459;550;5
157;461;1740;5
158;7086;7085;4
159;7086;7241;4
160;7086;468;4
161;467;469;5
162;7355;749;1
163;482;6004;5
164;489;4605;5
165;492;1923;5
166;493;4971;5
167;494;5589;5
168;495;1634;5
169;498;2622;5
170;499;2245;4
171;499;2692;4
172;499;6843;4
173;499;7296;4
174;499;4568;4
175;499;4571;4
176;504;5289;5
177;505;270;5
178;505;1741;5
179;506;270;5
180;507;270;5
181;508;3248;5
182;509;4823;5
183;512;4483;5
184;514;2826;5
185;515;517;5
186;515;815;5
187;516;4578;5
188;518;2548;5
189;519;2548;5
190;520;516;5
191;523;5078;5
192;524;2510;5
193;528;34;5
194;7356;532;1
195;7357;533;1
196;532;3240;5
197;532;7356;1
198;533;532;5
199;533;7357;1
200;534;2209;5
201;535;5793;5
202;538;4522;5
203;542;5635;5
204;549;2209;5
205;550;5041;5
206;554;1231;5
207;558;2813;5
208;564;568;5
209;565;568;5
210;566;6018;5
211;568;6328;5
212;570;2813;5
213;597;586;5
214;616;164;5
215;620;2540;5
216;6748;624;4
217;6748;6789;1
218;6748;3688;4
219;6748;6891;4
220;637;2235;5
221;647;5635;5
222;660;4768;5
223;665;2235;5
224;6749;2657;4
225;6749;4874;4
226;673;261;5
227;679;160;5
228;685;5384;5
229;686;2372;5
230;689;2045;5
231;690;2045;5
232;691;308;1
233;692;1696;5
234;694;3949;5
235;6750;7081;4
236;6750;1168;4
237;706;2370;5
238;7358;458;1
239;6752;6751;4
240;6752;3168;4
241;6752;4240;4
242;6752;6963;4
243;6752;6964;4
244;712;3757;5
245;717;270;5
246;718;2472;5
247;719;4483;5
248;725;2540;5
249;7346;568;4
250;7346;1564;4
251;7346;7021;4
252;7346;2839;4
253;7346;7349;4
254;7346;6334;4
255;731;5078;5
256;732;2622;5
257;733;6247;5
258;736;2235;5
259;739;514;5
260;740;6328;5
261;740;568;4
262;740;2839;4
263;740;1564;6
264;749;7355;1
265;769;2235;5
266;772;6747;4
267;781;1628;5
268;783;872;1
269;797;3405;5
270;6758;6805;4
271;806;177;5
272;6760;6819;4
273;6762;6919;4
274;6762;6923;4
275;6762;6924;4
276;6762;6984;4
277;814;815;5
278;817;2279;5
279;822;1067;1
280;842;5098;5
281;852;1140;5
282;853;1121;5
283;865;1360;1
284;872;783;1
285;7359;1127;1
286;7360;1234;1
287;7347;1477;6
288;1483;4195;5
289;1486;3240;5
290;1489;4971;5
291;1490;2499;5
292;1495;2060;5
293;1506;4297;5
294;1507;796;5
295;1514;658;5
296;1525;3405;5
297;886;4768;5
298;6767;7195;4
299;901;7365;1
300;908;4736;5
301;915;1140;5
302;917;1624;5
303;6770;930;4
304;6770;1360;4
305;6770;6830;4
306;6770;3105;1
307;6771;6830;4
308;6771;6903;1
309;941;2692;4
310;941;2855;4
311;941;4240;4
312;941;4632;1
313;941;5540;4
314;941;7062;4
315;941;7207;4
316;7087;948;5
317;7361;1350;1
318;7362;1135;1
319;954;4051;5
320;957;6642;5
321;7363;1381;1
322;967;326;4
323;967;3696;1
324;985;5312;5
325;986;127;5
326;1006;105;5
327;1013;6055;5
328;6776;6960;4
329;1030;1018;5
330;1030;1022;5
331;1030;1023;5
332;1030;1024;5
333;1030;1026;5
334;1030;1028;5
335;1030;2932;5
336;1030;6536;5
337;1035;1038;5
338;1037;105;5
339;1038;1107;5
340;6777;6770;4
341;6777;1360;4
342;6777;3320;1
343;6777;5107;4
344;1048;5685;5
345;7088;7121;4
346;1061;105;5
347;1067;822;1
348;7163;7202;4
349;1080;615;5
350;1084;6273;5
351;1091;5992;5
352;1092;1091;5
353;1104;796;5
354;1106;1107;5
355;1110;4647;5
356;1111;1107;5
357;1117;5992;5
358;1118;1132;5
359;1124;1140;5
360;1127;1140;5
361;1127;7359;1
362;1134;6932;4
363;1134;315;4
364;1134;1170;5
365;1135;1140;5
366;1135;7362;1
367;1145;5011;5
368;1151;6514;5
369;1154;2476;5
370;1155;6514;5
371;6779;5496;4
372;6779;7166;1
373;6779;1170;4
374;6779;7166;4
375;6779;5496;1
376;6779;5500;4
377;1170;315;4
378;1170;6815;4
379;1170;6867;4
380;1170;4882;1
381;1170;5747;4
382;6780;4481;4
383;6780;7229;4
384;6782;6778;4
385;6782;6826;4
386;1181;3368;5
387;1182;2533;5
388;1204;7364;5
389;1299;4007;5
390;1300;1995;5
391;1215;3240;5
392;1216;3240;5
393;1225;6273;5
394;1230;3697;5
395;1234;2671;5
396;1234;7360;1
397;1237;3666;5
398;1240;2671;5
399;1240;3762;5
400;7091;3859;4
401;1250;4992;5
402;1252;1515;5
403;1253;1515;5
404;1264;6574;5
405;1270;5970;5
406;1272;2060;5
407;1280;6478;5
408;1290;4768;5
409;1295;4969;5
410;1296;856;5
411;1302;1091;5
412;1303;2235;5
413;1305;4154;5
414;1308;1688;5
415;1309;177;5
416;1310;1848;5
417;1314;2236;5
418;1316;4178;5
419;1321;2742;5
420;1332;4741;5
421;1342;796;5
422;1345;1121;5
423;1346;1680;4
424;1346;4240;4
425;1346;7229;1
426;1347;3734;5
427;1350;7361;1
428;1353;6328;5
429;1360;865;1
430;1364;4823;5
431;7364;1204;1
432;1369;5635;5
433;1371;5288;5
434;1375;873;1
435;1379;261;5
436;1381;7363;1
437;1384;6350;5
438;7365;901;1
439;1422;825;1
440;1423;6642;5
441;1426;164;5
442;1442;796;5
443;1447;4007;5
444;1455;1170;5
445;1464;164;5
446;7092;1545;4
447;7092;3739;4
448;7092;5496;4
449;7092;1538;1
450;1537;1634;5
451;1538;1545;4
452;1538;5496;4
453;1538;3739;4
454;1538;7092;1
455;1539;7353;1
456;1546;1545;4
457;7271;1545;4
458;1550;4647;5
459;6788;1545;4
460;6788;6900;4
461;6788;4862;4
462;7348;4862;6
463;1557;4862;4
464;1558;7144;6
465;1558;7192;5
466;1558;315;4
467;1558;7192;4
468;1558;7144;4
469;1560;217;4
470;1560;6387;4
471;1564;302;4
472;1564;4894;5
473;1564;1545;5
474;6789;3688;4
475;6789;6891;4
476;1566;7192;5
477;1566;7192;4
478;1568;7145;4
479;1568;7192;5
480;1568;1170;4
481;1568;1545;4
482;1568;1550;1
483;1568;1579;4
484;1568;7192;4
485;1568;7229;4
486;1579;1593;1
487;1579;1593;4
488;1579;7192;4
489;1579;1579;4
490;7145;4894;6
491;7145;4894;4
492;7337;4894;5
493;7337;168;1
494;1593;1579;1
495;7366;1653;1
496;6790;1545;4
497;6790;1568;4
498;6790;1827;4
499;6790;1829;4
500;1598;739;5
501;1600;5288;5
502;1601;517;5
503;1601;4736;5
504;6791;747;4
505;6791;4882;4
506;6791;7043;4
507;1624;2181;5
508;1624;7083;2
509;1624;1568;4
510;1625;6328;5
511;1630;2022;4
512;1635;3766;5
513;6792;1346;4
514;6792;4240;4
515;6792;7021;1
516;6793;4240;4
517;6793;5540;1
518;1650;4647;5
519;1653;2671;5
520;1653;7366;1
521;1658;6347;5
522;1662;176;5
523;1672;6480;5
524;6794;6798;4
525;6794;6919;4
526;6794;6924;4
527;1679;1121;5
528;6795;2995;4
529;1683;4483;5
530;1687;1215;5
531;1688;2533;5
532;1689;34;5
533;1690;105;5
534;1691;1182;5
535;1694;2302;5
536;1714;2303;5
537;6797;7021;4
538;6797;7021;1
539;1716;6235;5
540;1719;5312;5
541;1728;4768;5
542;6798;6819;4
543;1737;796;5
544;1743;796;5
545;1744;2150;5
546;1749;5071;5
547;6799;747;4
548;6799;1545;4
549;1767;1121;5
550;1768;5589;5
551;1768;5590;5
552;6802;6798;4
553;1781;1849;1
554;1785;3762;5
555;1786;6480;5
556;1802;270;5
557;1805;4831;5
558;7273;168;5
559;7273;7337;4
560;1817;615;5
561;1827;1170;4
562;1829;1568;4
563;1829;4240;4
564;1845;4278;5
565;1849;1781;1
566;6803;6919;4
567;6803;4571;1
568;7093;3370;5
569;7094;3083;2
570;7094;7095;5
571;7094;7147;6
572;7094;3083;6
573;7095;7094;6
574;7095;3083;2
575;1869;5712;1
576;1877;5098;5
577;6804;6960;4
578;1903;1906;5
579;1904;4700;5
580;1907;1906;5
581;1910;2540;5
582;1915;5914;5
583;1919;6480;5
584;1923;4894;5
585;1923;7337;4
586;7367;2150;1
587;1932;6004;5
588;1938;2198;1
589;7368;2153;1
590;1955;856;5
591;7369;2160;1
592;1972;1635;5
593;1975;4007;5
594;1981;2060;5
595;1983;2060;5
596;1986;4174;5
597;1987;6273;5
598;1988;2236;5
599;1994;3158;5
600;1996;1995;5
601;2000;3368;5
602;6811;6780;4
603;2006;5726;5
604;2007;2008;5
605;2008;992;5
606;2017;4174;5
607;2018;4174;5
608;2019;6328;5
609;6813;6812;4
610;7341;4456;4
611;2022;1630;4
612;2033;2599;5
613;2040;105;5
614;2044;261;5
615;7096;1545;4
616;7096;7229;4
617;7096;1568;1
618;7370;2157;1
619;2066;5312;5
620;6816;388;4
621;6816;1382;1
622;2073;2890;5
623;2080;3217;5
624;6817;6840;4
625;6818;6141;4
626;7371;2147;1
627;6819;7021;4
628;2096;4736;5
629;2097;6642;5
630;2102;1848;5
631;2105;1848;5
632;2109;2279;5
633;2112;2279;5
634;2115;5043;5
635;2147;7371;1
636;2150;5120;5
637;2150;7367;1
638;2153;7368;1
639;2157;2150;5
640;2157;7370;1
641;2159;6328;5
642;2160;7369;1
643;7277;168;5
644;7277;7337;4
645;2164;34;5
646;2164;105;5
647;2165;34;5
648;2167;743;5
649;2167;964;5
650;2167;1033;5
651;2167;2631;5
652;2167;4402;5
653;2167;5088;5
654;7097;7096;4
655;7097;7216;6
656;7097;1624;1
657;2174;615;5
658;2177;3470;5
659;2181;315;4
660;2181;7021;4
661;2184;5471;5
662;2187;1091;5
663;2189;5992;5
664;2190;6328;5
665;2192;2191;5
666;2198;1938;1
667;2200;1848;5
668;2202;3195;5
669;2206;6667;1
670;2207;6671;1
671;7182;7169;4
672;2212;615;5
673;2215;4623;5
674;2217;1172;5
675;2223;5342;5
676;2231;6328;5
677;2235;7372;1
678;2246;6328;5
679;2250;1740;5
680;2251;270;5
681;2252;2313;1
682;2255;62;5
683;2255;654;5
684;2255;807;5
685;2255;1267;5
686;2255;1952;5
687;2255;1954;5
688;2255;2771;5
689;2255;5121;5
690;2273;270;5
691;2276;1906;5
692;2286;6642;5
693;7372;2235;1
694;2288;2890;5
695;2289;2813;5
696;2290;2279;5
697;2293;349;4
698;2293;1579;1
699;2293;5256;4
700;2313;2252;1
701;2319;4792;5
702;6824;1579;4
703;6824;2293;4
704;6824;5170;4
705;2332;2540;5
706;2346;1770;5
707;2346;1958;5
708;2346;2374;5
709;2346;3306;5
710;2346;4994;5
711;2352;5589;5
712;2360;7373;1
713;6825;7153;4
714;6825;6795;4
715;6825;6799;1
716;6825;7176;4
717;6825;7127;4
718;2370;4969;5
719;2372;5552;5
720;2373;2233;5
721;2379;5858;5
722;2400;3757;5
723;7184;7242;4
724;7184;5082;4
725;7184;5083;1
726;7184;7212;4
727;2408;3571;5
728;2417;5041;5
729;2422;6328;5
730;2430;177;5
731;2433;3309;5
732;2437;1783;5
733;7373;2360;1
734;6827;6795;4
735;6827;6799;4
736;6827;7176;4
737;7374;2454;1
738;2439;568;5
739;6828;6812;4
740;6828;6944;4
741;6828;4481;1
742;6828;6945;4
743;6828;6946;4
744;6828;6952;4
745;6828;6953;4
746;6828;6997;4
747;6828;7051;4
748;6828;7058;4
749;6828;7059;4
750;6828;7062;4
751;7283;7339;6
752;2454;2671;5
753;2454;7374;1
754;2455;5011;5
755;7098;682;4
756;7143;7098;4
757;7143;7196;4
758;7143;7213;4
759;7143;7148;4
760;7143;7223;4
761;7143;7147;6
762;7143;7151;4
763;2469;1132;5
764;7375;2571;1
765;2473;105;5
766;2478;6328;5
767;2487;4971;5
768;2488;2499;5
769;2492;164;5
770;2500;5071;5
771;2501;164;5
772;2502;2499;5
773;2503;2491;5
774;2504;2499;5
775;2505;2499;5
776;2506;1259;5
777;2507;2499;5
778;2510;3473;5
779;2511;5043;5
780;2512;3240;5
781;2516;6299;5
782;2538;3382;5
783;2539;2476;5
784;2548;5698;5
785;2550;1259;5
786;2551;2510;5
787;2553;3240;5
788;2553;7376;1
789;2554;2671;5
790;2554;7378;1
791;2556;5288;5
792;2558;5874;5
793;2562;796;5
794;7284;4894;5
795;7284;7337;4
796;2571;2150;5
797;2571;7375;1
798;2572;2575;5
799;2575;7377;1
800;2593;1291;5
801;2594;4371;5
802;2600;3037;5
803;2601;5800;5
804;7099;7186;4
805;7099;7187;4
806;2612;6840;4
807;2612;6522;4
808;2725;3734;5
809;6834;6829;4
810;2728;1919;5
811;2732;4515;5
812;7376;2553;1
813;2639;2235;5
814;2644;2643;5
815;2645;6425;5
816;2646;7384;5
817;2647;6051;5
818;7377;2575;1
819;7378;2554;1
820;6833;6770;4
821;6833;6903;4
822;2662;2663;5
823;2663;2533;5
824;2666;2540;5
825;2675;4515;5
826;7100;7331;5
827;7100;7103;4
828;2681;1312;5
829;2681;1448;5
830;2681;1990;5
831;2681;2971;5
832;2681;4118;5
833;2681;4713;5
834;2681;5647;5
835;2681;6104;5
836;2681;6616;5
837;2681;2711;1
838;2690;5641;5
839;2691;1848;5
840;2692;7207;4
841;2709;2339;5
842;2710;1182;5
843;2712;2533;5
844;2739;2540;5
845;2741;4647;5
846;2742;1107;5
847;2743;1801;5
848;2744;4741;5
849;2747;2746;5
850;2748;1923;5
851;2759;4489;5
852;2759;4623;5
853;2759;4635;4
854;6837;6840;4
855;6837;3150;4
856;6838;6948;4
857;2768;5120;5
858;2773;815;5
859;2774;1740;5
860;2789;2789;5
861;7379;2808;1
862;2801;2817;5
863;2801;2828;5
864;2802;2671;5
865;2802;7381;1
866;2808;7379;1
867;2813;6328;5
868;2814;7;5
869;2814;124;5
870;2814;479;5
871;2814;558;5
872;2814;570;5
873;2814;1544;5
874;2814;2289;5
875;2814;2813;5
876;2814;3481;5
877;2814;4553;5
878;2814;5667;5
879;2814;5722;5
880;2814;6163;5
881;2814;6327;5
882;2814;6576;5
883;2819;4007;5
884;2824;1107;5
885;2826;5826;5
886;2836;1156;5
887;2837;7380;1
888;2838;1156;5
889;2842;1276;5
890;2844;5098;5
891;2849;4792;5
892;2850;5826;5
893;2853;1097;5
894;2855;1170;4
895;2860;4768;5
896;2863;5288;5
897;2865;6299;5
898;2866;2232;5
899;2877;796;5
900;2884;3336;1
901;7380;2837;1
902;2890;105;5
903;2901;4736;5
904;2909;2910;5
905;2910;4515;5
906;2911;2540;5
907;7381;2802;1
908;2919;126;5
909;2920;2959;1
910;7102;7104;6
911;7242;7184;4
912;6844;6774;4
913;6844;6840;4
914;6844;4675;1
915;6844;7229;4
916;6844;5812;4
917;6844;5811;4
918;2938;5289;5
919;2941;2334;5
920;2941;3193;5
921;2941;6191;5
922;6845;6846;4
923;6845;7051;4
924;6845;7061;1
925;6845;7062;4
926;6846;6742;4
927;6846;3826;4
928;6846;6944;4
929;6846;4481;1
930;6846;4874;4
931;6846;7229;4
932;6846;7051;4
933;6846;7058;4
934;2966;3163;1
935;7382;3047;1
936;2976;3116;1
937;2988;3102;1
938;7383;3075;1
939;7384;2646;1
940;3001;232;5
941;3001;2479;5
942;3001;2873;5
943;3001;2998;5
944;3001;3005;5
945;3001;5265;5
946;3001;6200;5
947;3006;1172;5
948;3011;3074;5
949;3035;6478;5
950;3042;4788;5
951;3043;4788;5
952;3045;550;5
953;3047;7382;1
954;3050;4969;5
955;3058;2319;5
956;3059;4508;5
957;3063;1696;5
958;3074;3368;5
959;3075;7383;1
960;3083;4437;4
961;3083;7171;5
962;3083;7220;1
963;7103;7331;5
964;7103;7100;4
965;6860;6754;4
966;6860;1170;4
967;6860;7074;4
968;3090;34;5
969;3091;6335;5
970;3096;1459;5
971;3096;3096;5
972;3096;3522;5
973;3096;4621;5
974;3096;5577;5
975;3096;6333;5
976;3096;168;5
977;3096;7337;4
978;3102;2988;1
979;3103;3104;5
980;6862;7384;4
981;6862;3105;4
982;6862;6861;4
983;6862;4882;4
984;3111;4605;5
985;3112;3217;5
986;3112;5844;5
987;3116;2976;1
988;6863;4481;4
989;6863;6945;4
990;6863;6946;4
991;6863;7058;4
992;6863;7059;4
993;6863;7062;4
994;6863;7065;4
995;7104;7192;5
996;3132;1172;5
997;3158;176;5
998;3163;2966;1
999;6865;6839;4
1000;6865;7229;4
1001;3182;276;5
1002;3183;276;5
1003;3184;276;5
1004;3187;3555;5
1005;3199;2890;5
1006;3200;2540;5
1007;3201;4969;5
1008;3207;3209;1
1009;3209;3207;1
1010;3215;6642;5
1011;7385;3242;1
1012;3233;5199;5
1013;3237;3039;5
1014;3238;261;5
1015;3239;1683;5
1016;7291;168;5
1017;7291;7337;4
1018;3242;3473;5
1019;3242;7385;1
1020;7386;4522;1
1021;6873;3826;4
1022;6873;4874;4
1023;6873;7021;1
1024;3248;270;5
1025;3250;3240;5
1026;3251;3249;5
1027;3252;3249;5
1028;3254;3275;1
1029;3256;6642;5
1030;3267;2540;5
1031;3275;3254;1
1032;3275;6867;4
1033;3275;3254;4
1034;3278;1635;5
1035;3279;1635;5
1036;6874;6738;4
1037;6874;6754;4
1038;6874;7038;4
1039;3292;3240;5
1040;3296;6018;5
1041;3300;105;5
1042;3301;2332;5
1043;3304;176;5
1044;3305;4129;5
1045;3307;3158;5
1046;3310;6328;5
1047;3315;6328;5
1048;3320;2890;5
1049;3328;1579;4
1050;3328;2024;4
1051;3328;2293;4
1052;3328;3332;4
1053;3336;2884;1
1054;7196;7148;1
1055;7196;7149;4
1056;7196;7150;4
1057;7196;7351;4
1058;3392;1259;5
1059;6878;624;4
1060;6878;6876;4
1061;6878;6876;1
1062;3341;3826;4
1063;3345;1919;5
1064;3350;5635;5
1065;3362;2746;5
1066;7105;7173;4
1067;7105;7194;4
1068;3367;7107;4
1069;3367;7105;4
1070;3370;3368;5
1071;3370;7197;5
1072;3370;7138;2
1073;3371;5281;5
1074;3387;3949;5
1075;3396;6365;5
1076;3399;3398;5
1077;3400;1741;5
1078;3402;2540;5
1079;3405;1107;5
1080;3409;3605;1
1081;3411;2480;5
1082;3412;4154;5
1083;3414;4605;5
1084;3416;2533;5
1085;3418;856;5
1086;3419;315;4
1087;3419;7184;1
1088;3419;3696;4
1089;3425;7388;1
1090;3426;4195;5
1091;3432;1127;5
1092;3441;5471;5
1093;3442;7159;4
1094;3442;7143;4
1095;3442;7205;4
1096;3442;7148;4
1097;3442;7223;4
1098;3442;168;6
1099;3442;7109;1
1100;7349;2839;4
1101;3460;4297;5
1102;7108;7081;4
1103;7108;7082;4
1104;7108;4086;4
1105;7108;5726;4
1106;7108;127;2
1107;3470;2533;5
1108;3471;1848;5
1109;3473;5800;5
1110;3483;4971;5
1111;3484;5043;5
1112;3486;4823;5
1113;3488;2540;5
1114;3490;3963;5
1115;3503;3504;5
1116;3504;6055;5
1117;3505;3473;5
1118;3509;1259;5
1119;3513;2671;5
1120;3513;7387;1
1121;7387;3513;1
1122;3526;1696;5
1123;3531;4508;5
1124;3532;5078;5
1125;3538;1182;5
1126;3541;270;5
1127;3554;5041;5
1128;3571;5800;5
1129;3572;6258;5
1130;3573;6258;5
1131;3573;7389;1
1132;3575;2730;5
1133;3575;6589;5
1134;3578;1568;4
1135;3578;2293;4
1136;3578;5170;1
1137;7388;3425;1
1138;3588;1545;4
1139;6883;3114;4
1140;3605;3409;1
1141;3616;1259;5
1142;6885;6812;4
1143;6885;6884;4
1144;6885;6976;1
1145;6885;5540;4
1146;6885;6997;4
1147;6885;7028;4
1148;6885;7058;4
1149;6885;7059;4
1150;6885;7062;4
1151;3644;6642;5
1152;3658;5098;5
1153;3659;1346;4
1154;3659;7229;1
1155;3659;7229;4
1156;3659;7021;4
1157;3662;3664;4
1158;3664;3662;4
1159;3666;1801;5
1160;7297;168;5
1161;7297;7337;4
1162;7389;3573;1
1163;7109;7159;4
1164;7109;7143;4
1165;7109;7205;4
1166;7109;7148;4
1167;7109;7223;4
1168;7109;168;6
1169;7109;3442;1
1170;3675;5914;5
1171;3676;5281;5
1172;3678;3766;5
1173;3686;5120;5
1174;6887;6776;4
1175;6887;7176;1
1176;3699;4195;5
1177;6888;6919;4
1178;6888;6920;4
1179;6888;6924;1
1180;6889;6738;4
1181;6889;6754;4
1182;6889;6874;1
1183;6889;6938;4
1184;6889;7038;4
1185;3708;2605;5
1186;3716;6642;5
1187;3718;3885;1
1188;3725;2319;5
1189;7110;7121;4
1190;3732;1107;5
1191;3732;5281;5
1192;3734;6480;5
1193;3735;268;5
1194;3741;2370;5
1195;3747;7393;1
1196;3756;1259;5
1197;3774;7392;5
1198;3780;1995;5
1199;6890;6894;4
1200;7390;4114;1
1201;7391;3916;1
1202;3782;2622;5
1203;3787;2303;5
1204;3801;796;5
1205;3802;2060;5
1206;3803;2060;5
1207;6894;624;4
1208;6894;6891;4
1209;6896;6960;4
1210;6896;5256;4
1211;6897;758;4
1212;3820;3158;5
1213;3821;5288;5
1214;3825;168;6
1215;3825;7337;4
1216;7392;3774;1
1217;6898;4920;4
1218;6898;6984;1
1219;6900;6910;1
1220;3834;3834;5
1221;3834;5936;5
1222;3836;270;5
1223;3840;3549;5
1224;3841;5288;5
1225;3842;5288;5
1226;3848;4071;1
1227;3863;6642;5
1228;3880;261;5
1229;3881;5844;5
1230;3883;261;5
1231;3884;3880;5
1232;3885;3718;1
1233;3887;3757;5
1234;6905;6742;4
1235;3897;2060;5
1236;6906;6900;4
1237;3906;4075;1
1238;3912;258;4
1239;3912;7229;4
1240;3912;7032;4
1241;3916;7391;1
1242;3920;4121;1
1243;3935;4726;5
1244;3936;4726;5
1245;3938;4726;5
1246;3944;658;5
1247;3947;5539;5
1248;3949;694;5
1249;3949;3387;5
1250;3949;5274;5
1251;3949;5787;5
1252;3949;4833;5
1253;3949;6328;4
1254;3952;2605;5
1255;3954;2303;5
1256;3960;4122;1
1257;3963;1079;5
1258;3964;3963;5
1259;3971;2533;5
1260;7393;3747;1
1261;3981;1170;5
1262;3986;34;5
1263;3988;2302;5
1264;3987;6273;5
1265;4003;3240;5
1266;4005;4007;5
1267;4008;4007;5
1268;4022;105;5
1269;6911;6919;4
1270;6911;6920;4
1271;6911;6924;4
1272;4035;261;5
1273;4037;261;5
1274;4038;4039;5
1275;4039;261;5
1276;4040;261;5
1277;4042;2303;5
1278;4044;3240;5
1279;4049;1995;5
1280;4050;5858;5
1281;4051;6273;5
1282;4058;5552;5
1283;6912;6900;4
1284;4068;1740;5
1285;7394;4101;1
1286;4071;3848;1
1287;4075;3906;1
1288;6916;1545;4
1289;6916;6917;4
1290;6916;7015;4
1291;4078;1107;5
1292;4083;2540;5
1293;7112;7082;4
1294;7112;7108;4
1295;7112;5726;4
1296;7112;3128;4
1297;7112;7081;6
1298;4101;7394;1
1299;4111;2622;5
1300;4114;2150;5
1301;4114;7390;1
1302;4121;3920;1
1303;4122;3960;1
1304;4128;3884;5
1305;4130;4129;5
1306;4133;4831;5
1307;6918;1075;4
1308;6918;1360;4
1309;6918;3826;4
1310;6918;3899;4
1311;4155;4;5
1312;4155;228;5
1313;4155;1815;5
1314;4155;2036;5
1315;4155;2190;5
1316;4155;2278;5
1317;4155;2462;5
1318;4155;3576;5
1319;4155;5786;5
1320;4155;5836;5
1321;4155;6165;5
1322;4155;6467;5
1323;4157;6528;5
1324;4168;5204;5
1325;4169;1995;5
1326;4172;469;5
1327;4178;3074;5
1328;4179;4178;5
1329;4183;2060;5
1330;6920;6883;4
1331;6921;6919;4
1332;6921;6923;4
1333;6921;6725;1
1334;6923;1170;4
1335;6923;6922;4
1336;6924;6919;4
1337;4187;796;5
1338;4193;7242;4
1339;4193;4195;4
1340;4193;315;4
1341;4195;4193;4
1342;4195;7205;4
1343;4195;6242;4
1344;4195;6932;1
1345;4198;4195;5
1346;4200;4154;5
1347;7395;4321;1
1348;4213;3100;5
1349;4214;2533;5
1350;4215;4154;5
1351;4216;6326;5
1352;4225;1688;5
1353;4229;1783;5
1354;4241;3575;5
1355;4242;4289;1
1356;6927;6812;4
1357;6927;2692;4
1358;6927;6884;1
1359;6927;4240;4
1360;6927;6944;4
1361;6927;6945;4
1362;6927;6976;4
1363;6927;6977;4
1364;6927;7015;4
1365;6927;7051;4
1366;4243;1276;5
1367;4252;3697;5
1368;6928;7164;4
1369;6928;7101;4
1370;6928;7102;2
1371;6928;315;4
1372;6928;1170;4
1373;6928;6799;4
1374;6928;7068;1
1375;6928;7102;4
1376;4253;1132;5
1377;4268;6642;5
1378;4269;1741;5
1379;4270;5552;5
1380;6929;4635;4
1381;4271;3839;5
1382;4276;3195;5
1383;4277;2332;5
1384;4278;1741;5
1385;4280;2332;5
1386;4289;4242;1
1387;4291;34;5
1388;7396;4325;1
1389;6931;6759;4
1390;6932;7242;4
1391;6932;4195;4
1392;6932;4195;2
1393;4297;6160;5
1394;4311;474;5
1395;4311;744;5
1396;4311;757;5
1397;4311;1343;5
1398;4311;4688;5
1399;4311;4758;5
1400;4311;5103;5
1401;4312;3762;5
1402;4313;2116;5
1403;4315;2303;5
1404;6933;7021;4
1405;6933;7021;1
1406;4319;4174;5
1407;4321;5800;5
1408;4321;7395;1
1409;4322;2533;5
1410;4322;3240;5
1411;4325;3242;5
1412;4325;7396;1
1413;4326;3473;5
1414;4336;2116;5
1415;4337;4356;1
1416;4338;4374;5
1417;4347;6004;5
1418;4350;5992;5
1419;4352;5844;5
1420;4356;4337;1
1421;6935;6023;4
1422;6935;6647;4
1423;4360;5333;5
1424;4362;3240;5
1425;4367;852;5
1426;4369;4364;5
1427;4371;1140;5
1428;4373;3557;5
1429;4374;5826;5
1430;4374;4338;1
1431;4392;4456;1
1432;4392;776;4
1433;4392;7341;4
1434;4392;7342;4
1435;4392;4894;5
1436;4392;4897;6
1437;4398;4432;1
1438;4400;6328;5
1439;4403;4494;5
1440;6937;6941;4
1441;4407;4823;5
1442;6938;6738;4
1443;6938;6760;4
1444;6938;6984;1
1445;7113;3739;4
1446;7113;5496;4
1447;7113;7218;2
1448;7113;7139;4
1449;7113;4446;1
1450;4416;4051;5
1451;6941;3168;4
1452;7303;168;6
1453;4432;4398;1
1454;4435;6642;5
1455;7114;4437;4
1456;4438;7122;4
1457;4438;7120;4
1458;4438;7121;2
1459;7115;7120;4
1460;7115;4437;4
1461;7116;4437;4
1462;7116;7117;2
1463;7117;4437;4
1464;7117;7116;2
1465;7118;4437;4
1466;4446;3739;4
1467;4446;7218;2
1468;4446;5496;4
1469;4446;7119;6
1470;4446;7139;4
1471;4446;7113;1
1472;4447;7123;2
1473;7120;4437;4
1474;7121;4438;2
1475;7122;4437;4
1476;7123;1568;4
1477;7123;3739;4
1478;7123;6671;4
1479;7123;5496;4
1480;7123;7128;1
1481;7124;6779;4
1482;7124;6780;4
1483;7124;7123;4
1484;7124;3739;4
1485;7124;7128;4
1486;7124;5496;4
1487;7125;3074;4
1488;4456;4392;1
1489;4456;776;4
1490;4456;7341;4
1491;4456;7342;4
1492;4456;4894;5
1493;6942;6810;1
1494;4466;1768;5
1495;6944;2681;1
1496;6944;4481;4
1497;6945;6812;4
1498;6945;6846;4
1499;6945;6944;4
1500;6945;4481;4
1501;6945;7051;4
1502;6945;7053;4
1503;6945;7058;4
1504;6946;6812;4
1505;6946;2692;4
1506;6946;3320;4
1507;6946;6944;1
1508;6946;4481;4
1509;6946;6997;4
1510;6946;7015;4
1511;6946;7051;4
1512;6946;7058;4
1513;4486;4489;5
1514;4486;4623;5
1515;4487;2060;5
1516;4489;1172;5
1517;4493;3573;5
1518;4494;1923;5
1519;4500;2950;5
1520;4500;6235;5
1521;4504;2177;5
1522;4505;5324;5
1523;4511;5078;5
1524;4514;5132;5
1525;4522;7386;1
1526;4523;4700;5
1527;4527;6246;5
1528;4528;6246;5
1529;6949;7051;1
1530;6949;7058;4
1531;7128;1568;4
1532;7128;5496;4
1533;7128;3739;4
1534;7128;6671;4
1535;7128;7123;1
1536;4545;1740;5
1537;4546;4545;5
1538;4547;3608;5
1539;4548;3608;5
1540;4549;2209;5
1541;4554;6018;5
1542;6951;4486;4
1543;4571;1360;4
1544;4571;4072;4
1545;4571;4356;4
1546;4571;4568;4
1547;4573;4782;1
1548;7307;168;5
1549;7307;7337;4
1550;6952;6812;4
1551;6952;6944;4
1552;6952;4481;1
1553;6952;6997;4
1554;6952;7051;4
1555;6952;7058;4
1556;6952;7059;4
1557;6952;7062;4
1558;6953;4481;4
1559;6953;6945;4
1560;6953;6946;1
1561;6953;6952;4
1562;6953;7051;4
1563;6953;7062;4
1564;4586;4297;5
1565;4589;2131;5
1566;4591;6328;5
1567;4595;7399;1
1568;4598;3242;5
1569;4600;6480;5
1570;4603;5120;5
1571;4610;796;5
1572;6954;6986;1
1573;4627;4040;5
1574;4628;5071;5
1575;7308;6328;4
1576;7308;2676;4
1577;4629;6351;5
1578;4624;1688;5
1579;7397;4834;1
1580;4633;4864;1
1581;7398;4850;1
1582;4635;4669;1
1583;4636;4154;5
1584;7399;4595;1
1585;4637;4885;1
1586;4640;4130;5
1587;4646;171;5
1588;4649;5793;5
1589;4650;4605;5
1590;4659;1696;5
1591;4669;4635;1
1592;4673;1906;5
1593;4675;6373;1
1594;4675;6774;4
1595;4675;1170;4
1596;4675;6839;4
1597;4675;6840;1
1598;4675;6986;4
1599;4675;6373;4
1600;4675;7165;4
1601;6957;772;4
1602;6958;6798;4
1603;5012;1532;5
1604;5012;1883;5
1605;5012;3749;5
1606;5012;3869;5
1607;5012;4377;5
1608;5012;5776;5
1609;5020;6328;5
1610;6976;7229;4
1611;4683;4267;5
1612;4684;2605;5
1613;4687;4363;5
1614;7129;7130;1
1615;6961;4240;1
1616;6961;4675;4
1617;4709;4710;5
1618;4712;6347;5
1619;4716;3766;5
1620;4719;1696;5
1621;4726;6347;5
1622;4728;5098;5
1623;6962;6919;4
1624;6962;6924;4
1625;4731;1091;5
1626;4735;5992;5
1627;4738;6328;5
1628;4740;105;5
1629;4747;308;5
1630;4747;753;5
1631;4747;1781;5
1632;4747;2068;5
1633;4747;2458;5
1634;4747;4692;5
1635;4747;4902;5
1636;4747;6352;5
1637;4748;6328;5
1638;4750;5552;5
1639;4754;1107;5
1640;4759;6335;5
1641;4763;5800;5
1642;4765;1688;5
1643;6963;4240;1
1644;6963;6961;4
1645;6963;6964;4
1646;6963;6965;4
1647;6964;3168;4
1648;6964;4240;1
1649;6964;4675;4
1650;6964;6961;4
1651;4770;4174;5
1652;6965;6751;4
1653;6965;4240;4
1654;6965;6961;4
1655;6965;6964;4
1656;4777;6328;5
1657;4782;4573;1
1658;4788;3240;5
1659;4797;3557;5
1660;4801;2303;5
1661;4806;6335;5
1662;4809;5992;5
1663;4816;1696;5
1664;4827;4823;5
1665;4828;2235;5
1666;4830;1107;5
1667;4833;3949;5
1668;4834;7397;1
1669;4850;2671;5
1670;4850;7398;1
1671;4855;268;5
1672;4856;2279;5
1673;4861;168;5
1674;6967;4861;4
1675;6967;4862;4
1676;6967;7028;4
1677;4864;4633;1
1678;4875;2890;5
1679;4879;2890;5
1680;4885;4637;1
1681;4892;4882;1
1682;4892;3052;4
1683;7339;4894;5
1684;7339;1564;4
1685;4903;1696;5
1686;4909;3762;5
1687;4912;3555;5
1688;4913;509;5
1689;4914;6299;5
1690;4918;2090;5
1691;4921;1696;5
1692;6974;6742;4
1693;6975;6867;4
1694;4962;1291;5
1695;4963;1987;5
1696;4965;2279;5
1697;4968;666;5
1698;4968;3397;5
1699;4968;3549;5
1700;4968;3840;5
1701;4970;4971;5
1702;7130;7129;1
1703;4987;2890;5
1704;4989;5204;5
1705;5035;3678;5
1706;5039;164;5
1707;5040;3217;5
1708;5041;1213;5
1709;5046;5800;5
1710;5047;6328;5
1711;6978;624;4
1712;5071;261;5
1713;5075;1291;5
1714;5076;6480;5
1715;5077;4039;5
1716;5078;2332;5
1717;6980;624;4
1718;5082;2293;4
1719;5082;5170;4
1720;5083;1579;4
1721;5083;5841;4
1722;7213;7224;4
1723;5092;796;5
1724;5095;5134;1
1725;5097;2235;5
1726;5098;7400;1
1727;5100;5098;5
1728;5107;5113;1
1729;5108;4007;5
1730;5113;5107;1
1731;5114;1308;5
1732;5121;5130;1
1733;5122;5120;5
1734;5130;5121;1
1735;5134;5095;1
1736;5140;2232;5
1737;7400;5098;1
1738;5156;2533;5
1739;5156;7402;1
1740;6982;70;4
1741;6982;6929;1
1742;6982;4481;4
1743;5170;1564;4
1744;5170;1579;4
1745;5175;168;5
1746;5175;1107;5
1747;5176;3758;5
1748;5177;1526;5
1749;5180;5324;5
1750;5181;1515;5
1751;5181;5182;5
1752;5184;5457;5
1753;7401;5249;1
1754;5187;3762;5
1755;5212;61;5
1756;5212;1376;5
1757;5212;2598;5
1758;5212;2677;5
1759;5212;3007;5
1760;5212;3013;5
1761;5212;3474;5
1762;5212;3504;5
1763;5212;3737;5
1764;5212;3807;5
1765;5212;4062;5
1766;5212;4064;5
1767;5212;4144;5
1768;5212;4344;5
1769;5212;4488;5
1770;5212;4601;5
1771;5212;5392;5
1772;5201;2303;5
1773;5202;2303;5
1774;5204;2303;5
1775;5206;6642;5
1776;5215;4969;5
1777;5226;6001;5
1778;5238;4862;4
1779;7217;1545;4
1780;7217;1558;4
1781;7217;1566;1
1782;7217;1568;4
1783;7217;7162;4
1784;5247;5071;5
1785;5249;7401;5
1786;5253;2090;5
1787;6984;6819;4
1788;5256;6805;4
1789;5256;6960;4
1790;5257;3859;4
1791;5257;6671;4
1792;5271;6480;5
1793;5276;3734;5
1794;6985;6986;4
1795;6987;6985;4
1796;6987;6986;1
1797;5286;5539;5
1798;5287;2540;5
1799;5300;4494;5
1800;5302;3953;5
1801;5314;268;5
1802;5319;796;5
1803;5321;4297;5
1804;5322;4297;5
1805;5324;6328;5
1806;5327;2232;5
1807;5328;1688;5
1808;5330;4971;5
1809;5333;2339;5
1810;6989;1545;4
1811;6989;6806;1
1812;6989;7351;4
1813;5337;2491;5
1814;6990;6742;4
1815;6990;6780;4
1816;6990;6810;4
1817;5341;3766;5
1818;5343;2221;5
1819;7402;5156;1
1820;5346;6328;5
1821;5348;856;5
1822;7132;3739;4
1823;7132;7123;4
1824;7132;7124;4
1825;7132;5496;4
1826;7132;3739;6
1827;7132;6671;4
1828;7132;5353;1
1829;5362;6642;5
1830;5364;5440;1
1831;5368;2060;5
1832;5370;163;5
1833;6991;6799;4
1834;6992;6799;4
1835;6992;6991;4
1836;6994;6742;4
1837;6994;7229;1
1838;6995;945;4
1839;6995;1360;4
1840;6995;2855;4
1841;6995;4072;4
1842;6995;4356;4
1843;6995;6028;4
1844;5394;5603;1
1845;5398;268;5
1846;7403;5920;1
1847;5410;1579;4
1848;5418;92;5
1849;5419;4129;5
1850;5420;3766;5
1851;5403;5629;1
1852;7147;7223;3
1853;7149;7204;4
1854;7149;7148;4
1855;7150;7204;4
1856;7150;7203;4
1857;7150;7213;4
1858;7150;7148;4
1859;7150;7224;1
1860;5426;2540;5
1861;5431;1213;5
1862;5432;2849;5
1863;5437;5560;1
1864;5440;5364;1
1865;7133;7134;4
1866;7134;7133;4
1867;5451;2815;5
1868;5451;5451;5
1869;5451;5699;5
1870;5457;564;5
1871;5479;7135;4
1872;5479;7136;4
1873;5479;7137;4
1874;5479;5480;2
1875;5480;5479;4
1876;7135;7136;4
1877;7135;5480;4
1878;7135;5479;2
1879;7136;7135;4
1880;7136;5480;4
1881;7138;3370;1
1882;5491;4195;5
1883;7140;5496;4
1884;7140;5494;4
1885;5494;5496;5
1886;5496;3368;5
1887;5500;1170;4
1888;5500;3419;4
1889;5500;4897;4
1890;5500;5496;1
1891;5507;1213;5
1892;5508;6061;5
1893;7141;4437;4
1894;5535;5041;5
1895;6997;6812;4
1896;6997;3168;4
1897;6997;6927;4
1898;6997;6944;1
1899;6997;6976;4
1900;6997;6977;4
1901;6997;5540;4
1902;6997;7051;4
1903;6997;7058;4
1904;6997;7061;4
1905;5543;5712;1
1906;5556;5600;5
1907;5557;3757;5
1908;7404;6091;1
1909;5560;5437;1
1910;5561;1906;5
1911;5562;5539;5
1912;5578;5844;5
1913;5585;34;5
1914;5588;5665;1
1915;5590;494;5
1916;5590;1768;5
1917;5590;2352;5
1918;5590;3273;5
1919;5591;5853;1
1920;5599;1794;5
1921;5603;5394;1
1922;5618;2090;5
1923;5620;2601;5
1924;5621;2217;5
1925;5625;5648;1
1926;5628;5872;1
1927;5629;5403;1
1928;5635;176;5
1929;5636;5132;5
1930;5641;5120;5
1931;5645;6055;5
1932;7002;6919;4
1933;7002;6923;4
1934;7002;5550;1
1935;5648;5625;1
1936;5649;5660;1
1937;5653;4174;5
1938;5657;3766;5
1939;5659;6642;5
1940;5660;5649;1
1941;5662;5726;5
1942;5665;5588;1
1943;5668;4823;5
1944;5670;1989;5
1945;5674;5793;5
1946;5679;1906;5
1947;5685;796;5
1948;7405;6007;1
1949;7005;6735;4
1950;5693;3150;1
1951;7006;6900;4
1952;7006;6923;1
1953;5697;1127;5
1954;5700;5895;1
1955;5702;34;5
1956;5712;5543;1
1957;7009;1360;4
1958;7009;3899;4
1959;7010;6948;1
1960;5726;7082;4
1961;5726;7108;4
1962;5726;7081;4
1963;5726;3128;5
1964;5747;2060;5
1965;7406;6008;1
1966;5774;563;5
1967;5774;2291;5
1968;5774;3287;5
1969;5774;4796;5
1970;5774;6408;5
1971;5782;5992;5
1972;5784;81;5
1973;5784;552;5
1974;5784;640;5
1975;5784;701;5
1976;5784;738;5
1977;5784;1353;5
1978;5784;2861;5
1979;5784;3031;5
1980;5784;3186;5
1981;5784;3315;5
1982;5784;3559;5
1983;5784;3882;5
1984;5784;3924;5
1985;5784;4077;5
1986;5784;4400;5
1987;5784;5047;5
1988;5784;5089;5
1989;5784;5090;5
1990;5784;5133;5
1991;5784;5136;5
1992;5784;5346;5
1993;5784;5444;5
1994;5784;6374;5
1995;5784;6557;5
1996;5784;6676;5
1997;5784;6715;5
1998;5787;6328;5
1999;5788;3240;5
2000;5791;5790;5
2001;5793;4768;5
2002;5798;6642;5
2003;5807;4051;5
2004;5811;1148;5
2005;5811;4623;5
2006;5812;4675;4
2007;5812;7068;4
2008;5825;5457;5
2009;5826;4578;5
2010;5829;2235;5
2011;5831;2540;5
2012;7407;5896;1
2013;5835;6328;5
2014;5841;5978;1
2015;5841;1579;4
2016;5843;3217;5
2017;5846;5845;5
2018;5847;5845;5
2019;5848;6299;5
2020;5849;5078;5
2021;5853;5591;1
2022;5858;4051;5
2023;5859;5858;5
2024;5860;5858;5
2025;5861;3578;4
2026;5875;5874;5
2027;5885;2303;5
2028;5887;2303;5
2029;7013;5884;4
2030;5895;5700;1
2031;5896;7407;1
2032;5899;3699;5
2033;5902;2332;5
2034;5904;6328;5
2035;5911;2233;5
2036;5913;4768;5
2037;5918;268;5
2038;5920;2671;5
2039;5920;7403;1
2040;5921;268;5
2041;5924;268;5
2042;5926;268;5
2043;5927;5120;5
2044;5928;3240;5
2045;7015;7058;4
2046;7015;7059;4
2047;7015;7061;4
2048;5937;177;5
2049;5942;6478;5
2050;7017;1170;4
2051;7017;6780;4
2052;7017;1360;1
2053;7017;1545;4
2054;7017;1558;4
2055;7017;7229;4
2056;7017;7021;4
2057;5946;1987;5
2058;5949;6001;5
2059;5955;1533;5
2060;5955;1733;5
2061;5955;2751;5
2062;5955;3507;5
2063;5955;6355;5
2064;5956;5281;5
2065;5961;1906;5
2066;5966;5858;5
2067;5968;3758;5
2068;5970;6001;5
2069;5978;5841;1
2070;5984;1291;5
2071;5985;5098;5
2072;6000;146;5
2073;6000;708;5
2074;6000;709;5
2075;6000;3372;5
2076;6000;5093;5
2077;6000;6706;5
2078;6007;2533;5
2079;6007;7405;1
2080;6008;2512;5
2081;6008;7406;1
2082;6010;4508;5
2083;7323;7337;4
2084;6012;7337;4
2085;6013;6328;5
2086;6019;1213;5
2087;7019;4481;4
2088;7019;7058;4
2089;7019;7061;4
2090;7019;7062;4
2091;7019;7078;4
2092;6023;6841;4
2093;6038;1265;5
2094;6045;3880;5
2095;6052;658;5
2096;6061;2599;5
2097;7021;6780;4
2098;7022;6867;4
2099;6091;2671;5
2100;6091;7404;1
2101;7023;4892;4
2102;7024;4892;4
2103;7024;7000;1
2104;7024;3052;4
2105;6106;4819;5
2106;6107;2533;5
2107;6109;6337;1
2108;7027;7155;4
2109;7027;7196;4
2110;7027;6986;4
2111;7027;6109;4
2112;6116;5858;5
2113;7028;1170;4
2114;7028;6867;1
2115;7028;6923;4
2116;7028;7011;4
2117;7028;7021;4
2118;6138;6328;5
2119;6141;2060;5
2120;6144;6642;5
2121;7030;772;4
2122;7030;6835;4
2123;7030;6895;4
2124;6153;3757;5
2125;6154;5281;5
2126;6161;4178;5
2127;6164;2533;5
2128;6167;4724;5
2129;6172;1181;5
2130;6278;1634;5
2131;6282;5098;5
2132;6176;1346;4
2133;6176;4240;1
2134;6176;4481;4
2135;6176;7229;4
2136;6176;7021;4
2137;6180;5992;5
2138;6202;4129;5
2139;6213;5569;5
2140;6213;6211;5
2141;6219;796;5
2142;6223;5041;5
2143;7039;6842;4
2144;6297;2302;5
2145;7040;6940;4
2146;7040;6671;4
2147;7041;6731;4
2148;7041;6756;4
2149;7041;6766;4
2150;7041;1170;1
2151;7041;7032;4
2152;6299;3217;5
2153;6302;6574;5
2154;6304;4508;5
2155;6305;4154;5
2156;6308;121;5
2157;6308;2908;5
2158;6308;4905;5
2159;6308;5105;5
2160;6308;6566;5
2161;6315;1519;5
2162;6315;6326;5
2163;6329;2303;5
2164;6331;4483;5
2165;6332;4483;5
2166;6335;4483;5
2167;6337;2671;5
2168;6337;6109;1
2169;6339;742;5
2170;6339;1102;5
2171;6339;1425;5
2172;6339;2359;5
2173;6339;2546;5
2174;6339;3286;5
2175;6339;5104;5
2176;6339;6012;5
2177;6339;6013;5
2178;6339;6351;5
2179;6339;6666;5
2180;6339;6683;5
2181;6344;4768;5
2182;6346;34;5
2183;6348;2209;5
2184;6349;5793;5
2185;6351;6328;5
2186;6354;2236;5
2187;6358;2209;5
2188;6363;739;5
2189;6365;217;5
2190;6364;2339;5
2191;6367;171;5
2192;6229;5457;5
2193;6235;1107;5
2194;6241;6235;5
2195;6242;315;4
2196;6243;6235;5
2197;6246;2235;5
2198;7036;6731;4
2199;7327;168;6
2200;7327;7337;4
2201;7408;6439;1
2202;6373;4675;1
2203;7409;6404;1
2204;6387;6406;1
2205;6393;1614;5
2206;6394;1109;5
2207;6396;3240;5
2208;6397;6948;4
2209;6397;1200;1
2210;7046;7028;4
2211;7046;6406;4
2212;6404;7409;1
2213;6406;6387;1
2214;6411;1696;5
2215;6425;5800;5
2216;6429;6444;1
2217;6430;5059;5
2218;6434;1696;5
2219;6439;7408;1
2220;6444;6429;1
2221;6447;1986;5
2222;7047;2905;4
2223;6454;5008;5
2224;6468;5539;5
2225;7351;7347;4
2226;7351;1545;4
2227;7351;7181;4
2228;6472;1634;5
2229;6482;6061;5
2230;6485;5071;5
2231;6486;5807;5
2232;6487;1084;5
2233;6489;6533;1
2234;6492;1444;5
2235;6497;6478;5
2236;6504;276;5
2237;6514;2476;5
2238;7051;6976;4
2239;7051;6520;4
2240;7051;7063;4
2241;7052;6793;4
2242;7052;7061;4
2243;7052;7062;4
2244;7053;1721;4
2245;7057;4635;4
2246;7057;7051;4
2247;7058;3260;4
2248;7058;6944;1
2249;7058;7062;4
2250;7059;6812;4
2251;7059;4481;4
2252;7059;6945;4
2253;7059;5540;1
2254;7059;6997;4
2255;7059;7051;4
2256;7059;7062;4
2257;6520;6555;1
2258;7061;5540;4
2259;7062;1170;4
2260;7062;6812;4
2261;7062;2692;4
2262;7062;6884;1
2263;7062;6944;4
2264;7062;4481;4
2265;7062;6976;4
2266;7062;6977;4
2267;7062;7207;4
2268;6532;6488;1
2269;6532;6532;1
2270;6533;6489;1
2271;7342;776;4
2272;7342;4894;5
2273;7342;4392;4
2274;7330;4894;5
2275;6538;429;5
2276;6538;2612;5
2277;6538;3294;5
2278;6538;4383;5
2279;6538;5394;5
2280;7068;315;4
2281;7068;1170;4
2282;7068;4193;1
2283;7069;4675;4
2284;7069;5812;4
2285;7069;5812;1
2286;7069;7034;4
2287;7069;5811;4
2288;7070;315;4
2289;7070;1360;4
2290;7070;5107;4
2291;6549;504;5
2292;6555;6520;1
2293;6558;6649;1
2294;6561;5314;5
2295;6567;6615;1
2296;6568;3884;5
2297;7073;7021;4
2298;6575;1906;5
2299;6579;5970;5
2300;6584;4051;5
2301;7076;6842;4
2302;7076;7039;4
2303;7076;7048;4
2304;6589;2954;5
2305;6589;4551;5
2306;6589;6370;5
2307;6599;3613;5
2308;6601;6642;5
2309;6602;4508;5
2310;6603;4508;5
2311;6615;6567;1
2312;6620;4768;5
2313;6621;217;5
2314;6631;6633;1
2315;6633;6631;1
2316;6634;3538;5
2317;6635;3880;5
2318;6649;6558;1
2319;6667;2206;1
2320;6671;2207;1
2321;6696;5552;5
2322;6697;5552;5
2323;6708;4969;5
2324;6714;6717;1
2325;6716;399;5
2326;6717;6714;1
2327;127;7082;4
2328;127;7108;4
2329;127;4086;4
2330;127;5726;4
2331;127;3128;4
2332;127;7081;4
2333;7082;4086;4
2334;7082;5726;4
2335;7082;3128;4
2336;7082;7081;4
2337;7082;7108;2
2338;7100;7331;5
2339;7100;7103;4
2340;7412;7411;1
2341;7412;7082;4
2342;7412;7108;4
2343;7412;5726;4
2344;7412;3128;4
2345;7412;7081;6
2346;7411;7412;1
2347;7411;7082;4
2348;7411;7108;4
2349;7411;5726;4
2350;7411;3128;4
2351;7411;7081;6
2352;4086;7082;4
2353;4086;7108;4
2354;4086;5726;4
2355;4086;3128;4
2356;4086;7081;6
2357;7419;4392;1
2358;7419;776;4
2359;7419;7341;4
2360;7419;7342;4
2361;7419;4894;5
2362;7419;4897;6
2363;7419;4456;1
2364;4392;7419;1
2365;4392;7341;4
2366;4392;7342;4
2367;4392;4894;5
2368;4392;4897;6
2369;4392;4456;1
2370;7208;7488;1
2371;7522;7515;1
2372;7515;7522;1
2373;7532;7528;1
2374;7528;7532;1
2375;7080;7534;1
2376;7534;7080;1
2377;7573;7562;1
2378;7576;7569;1
2379;7562;7573;1
2380;7569;7576;1
2381;7586;7585;1
2382;7585;7586;1
2383;2396;7589;1
2384;7589;2396;1
2385;7596;2528;1
2386;7601;7594;1
2387;2528;7596;1
2388;7594;7601;1
2389;3074;7613;1
2390;7617;7614;1
2391;7613;3074;1
2392;7614;7617;1
2393;7627;3083;1
2394;7544;7622;1
2395;7629;7624;1
2396;3083;7627;1
2397;7624;7629;1
2398;7635;7631;1
2399;7636;7632;1
2400;7632;7636;1
2401;7631;7635;1
2402;7651;7642;1
2403;7650;7649;1
2404;7649;7650;1
2405;7642;7651;1
2406;7661;7654;1
2407;7654;7661;1
2408;7672;7668;1
2409;6932;4195;1
2410;7668;7672;1
2411;4460;7678;1
2412;7678;4460;1
2413;7715;7710;1
2414;7710;7715;1
2415;7722;7721;1
2416;7721;7722;1
2417;5257;7732;1
2418;7732;5257;1
2419;7743;7742;1
2420;7742;7743;1
2421;7772;7746;1
2422;7775;7757;1
2423;7225;7766;1
2424;7773;7767;1
2425;7769;5630;1
2426;7766;7225;1
2427;5630;7769;1
2428;7746;7772;1
2429;7767;7773;1
2430;7757;7775;1
2431;7780;7779;1
2432;7779;7780;1
2433;6405;7786;1
2434;7786;6405;1
2435;7237;7236;1
2436;7236;7237;1
2437;7793;7792;1
2438;7792;7793;1
2439;4437;7681;1
